{"stat.craftItem.minecraft.diamond_chestplate":1,"stat.pickup.minecraft.bone":1,"stat.leaveGame":15,"stat.killEntity.betteranimalsplus.goat":1,"stat.pickup.minecraft.flint":1,"stat.swimOneCm":22456,"stat.climbOneCm":1286,"stat.craftItem.minecraft.shield":1,"stat.pickup.minecraft.cooked_porkchop":27,"stat.pickup.minecraft.porkchop":45,"stat.useItem.minecraft.dirt":33,"stat.killEntity.betteranimalsplus.boar":1,"stat.useItem.minecraft.stone_slab2":20,"stat.useItem.minecraft.water_bucket":5,"stat.pickup.minecraft.sand":2,"stat.craftItem.minecraft.furnace":2,"stat.drop.minecraft.ender_pearl":11,"stat.pickup.simpleores.copper_ore":3,"stat.pickup.minecraft.cobblestone":21,"stat.pickup.futuremc.sweet_berries":3,"stat.flyOneCm":792054,"stat.useItem.minecraft.ender_pearl":6,"stat.mineBlock.minecraft.sand":2,"stat.mineBlock.minecraft.iron_ore":8,"stat.pickup.xlfoodmod.strawberry_seeds":1,"stat.timeSinceDeath":50452,"stat.craftItem.minecraft.wooden_pickaxe":1,"stat.mineBlock.xlfoodmod.vanilla_flower":1,"stat.furnaceInteraction":12,"stat.pickup.xlfoodmod.cucumber_seeds":1,"stat.useItem.minecraft.cooked_porkchop":14,"stat.mineBlock.minecraft.coal_ore":84,"stat.pickup.minecraft.furnace":2,"stat.craftItem.minecraft.stone_slab2":0,"stat.useItem.minecraft.written_book":5,"stat.sprintOneCm":316328,"stat.useItem.minecraft.diamond_shovel":58,"stat.killEntity.betteranimalsplus.pheasant":1,"stat.craftItem.minecraft.stick":60,"stat.craftItem.minecraft.wooden_axe":1,"stat.pickup.cfm.electric_fence":1,"stat.mineBlock.simpleores.tin_ore":14,"stat.useItem.betteranimalsplus.pheasant_egg":2,"stat.useItem.minecraft.wheat_seeds":26,"stat.mineBlock.minecraft.crafting_table":4,"stat.useItem.minecraft.diamond_pickaxe":125,"stat.useItem.minecraft.dye":2,"stat.entityKilledBy.Creeper":1,"stat.useItem.xlfoodmod.pepper_seeds":1,"stat.deaths":3,"stat.pickup.xlfoodmod.pepper_seeds":2,"stat.drop":11,"stat.playOneMinute":149953,"stat.craftItem.minecraft.diamond_pickaxe":1,"stat.craftItem.minecraft.dye":3,"stat.craftItem.minecraft.diamond_axe":1,"stat.mineBlock.minecraft.tallgrass":224,"stat.diveOneCm":18337,"stat.chestOpened":32,"stat.pickup.minecraft.gravel":17,"stat.craftItem.minecraft.cooked_porkchop":10,"stat.useItem.minecraft.diamond_axe":47,"stat.useItem.minecraft.porkchop":6,"stat.pickup.xlfoodmod.onion":1,"stat.craftItem.minecraft.diamond_sword":1,"stat.craftItem.minecraft.iron_hoe":1,"stat.jump":3008,"stat.pickup.minecraft.coal":171,"stat.fallOneCm":91932,"stat.pickup.simpleores.tin_ore":14,"stat.crouchOneCm":5369,"stat.mineBlock.minecraft.chest":2,"stat.craftItem.minecraft.chest":2,"stat.craftItem.minecraft.torch":60,"stat.craftItem.minecraft.iron_ingot":8,"stat.pickup.minecraft.dirt":41,"stat.useItem.minecraft.iron_hoe":84,"stat.craftingTableInteraction":8,"stat.pickup.minecraft.iron_ore":8,"stat.useItem.minecraft.sapling":7,"stat.damageTaken":1461,"stat.pickup.minecraft.written_book":1,"stat.mineBlock.minecraft.torch":3,"stat.mineBlock.minecraft.furnace":2,"stat.useItem.minecraft.furnace":2,"stat.craftItem.betteranimalsplus.pheasantcooked":1,"stat.mineBlock.minecraft.sapling":2,"stat.pickup.minecraft.planks":8,"stat.craftItem.minecraft.diamond_shovel":1,"stat.pickup.minecraft.wheat_seeds":28,"stat.mineBlock.minecraft.gravel":19,"stat.damageDealt":445,"stat.sleepInBed":2,"stat.mineBlock.xlfoodmod.grass":4,"stat.mineBlock.minecraft.dirt":40,"stat.mineBlock.simpleores.copper_ore":3,"stat.walkOneCm":205149,"stat.useItem.minecraft.torch":21,"stat.pickup.minecraft.golden_apple":1,"stat.useItem.minecraft.chest":2,"stat.pickup.minecraft.stick":15,"stat.pickup.minecraft.crafting_table":4,"stat.useItem.minecraft.log":5,"stat.craftItem.minecraft.crafting_table":1,"stat.mineBlock.minecraft.double_plant":6,"stat.mineBlock.cfm.electric_fence":1,"stat.pickup.minecraft.log":75,"stat.pickup.betteranimalsplus.pheasant_egg":3,"stat.pickup.minecraft.stone":3,"stat.pickup.betteranimalsplus.pheasantraw":1,"stat.pickup.minecraft.sapling":11,"stat.pickup.minecraft.ender_pearl":28,"stat.pickup.minecraft.apple":1,"stat.useItem.betteranimalsplus.pheasantcooked":1,"stat.craftItem.minecraft.bucket":1,"stat.craftItem.minecraft.planks":148,"stat.mobKills":3,"stat.mineBlock.minecraft.log":75,"stat.pickup.minecraft.diamond":24,"stat.mineBlock.minecraft.leaves":14,"stat.pickup.minecraft.torch":3,"stat.sneakTime":1528,"stat.useItem.minecraft.wooden_axe":45,"stat.mineBlock.minecraft.stone":10,"stat.pickup.minecraft.chest":2}