{"stat.useItem.minecraft.quartz_block":1697,"stat.pickup.minecraft.wooden_slab":48,"stat.leaveGame":83,"stat.killEntity.betteranimalsplus.goat":2,"stat.pickup.betteranimalsplus.goose_egg":2,"stat.pickup.tombstone.familiar_stone":17,"stat.mineBlock.minecraft.sandstone":35,"stat.craftItem.minecraft.ender_eye":4,"stat.killEntity.PigZombie":31,"stat.pickup.simpleores.adamantium_ore":393,"stat.mineBlock.minecraft.web":4,"stat.pickup.simpleores.onyx_sword":4,"stat.pickup.minecraft.rotten_flesh":408,"stat.drop.minecraft.leather_boots":2,"stat.killEntity.Enderman":42,"stat.craftItem.tombstone.ankh_of_pray":1,"stat.mineBlock.minecraft.wooden_slab":43,"stat.pickup.minecraft.leather_boots":4,"stat.killEntity.betteranimalsplus.brownbear":1,"stat.killEntity.Witch":9,"stat.killEntity.Villager":1,"stat.pickup.xlfoodmod.strawberry_seeds":1,"stat.pickup.xlfoodmod.lettuce":1,"stat.drop.minecraft.ender_eye":1,"stat.pickup.minecraft.stained_hardened_clay":3,"stat.pickup.minecraft.double_plant":7,"stat.furnaceInteraction":167,"stat.drop.minecraft.gravel":1,"stat.useItem.minecraft.nether_wart":20,"stat.killEntity.ZombieVillager":20,"stat.useItem.tombstone.lollipop":6,"stat.pickup.minecraft.nether_brick":11,"stat.craftItem.betteranimalsplus.wolf_cape_black":1,"stat.drop.minecraft.red_flower":2,"stat.pickup.minecraft.beef":27,"stat.craftItem.simpleores.onyx_rod":2,"stat.craftItem.futuremc.dye":1,"stat.mineBlock.minecraft.stained_hardened_clay":3,"stat.useItem.minecraft.fence":9,"stat.pickup.minecraft.potion":5,"stat.mineBlock.simpleores.tin_ore":23,"stat.mineBlock.minecraft.fence":4,"stat.useItem.minecraft.flint_and_steel":9,"stat.pickup.xlfoodmod.salt":2,"stat.killEntity.Husk":11,"stat.killEntity.betteranimalsplus.zotzpyre":7,"stat.craftItem.simpleores.onyx_helmet":1,"stat.pickup.minecraft.emerald":30,"stat.useItem.minecraft.dye":34,"stat.deaths":16,"stat.pickup.minecraft.bowl":5,"stat.pickup.simpleores.mythril_bow":1,"stat.pickup.minecraft.egg":6,"stat.mineBlock.minecraft.stone_pressure_plate":4,"stat.drop.minecraft.torch":2,"stat.mineBlock.minecraft.tallgrass":74,"stat.fishCaught":260,"stat.chestOpened":366,"stat.craftItem.minecraft.sign":6,"stat.killEntity.betteranimalsplus.goose":1,"stat.useItem.minecraft.stone":3,"stat.pickup.minecraft.arrow":185,"stat.drop.simpleores.mythril_sword":2,"stat.killEntity.Ghast":16,"stat.craftItem.minecraft.quartz_block":1271,"stat.pickup.minecraft.gold_nugget":62,"stat.useItem.simpleores.onyx_shovel":325,"stat.useItem.tombstone.fishing_rod_of_misadventure":87,"stat.pickup.xlfoodmod.sausage":1,"stat.pickup.betteranimalsplus.bear_skin_brown":4,"stat.craftItem.minecraft.ender_chest":2,"stat.pickup.minecraft.carrot":4,"stat.crouchOneCm":51905,"stat.useItem.tombstone.bag_of_seeds":3,"stat.pickup.minecraft.rail":1,"stat.craftItem.minecraft.iron_ingot":6,"stat.mineBlock.futuremc.lily_of_the_valley":3,"stat.craftingTableInteraction":4,"stat.mineBlock.minecraft.log2":50,"stat.pickup.minecraft.dye":683,"stat.pickup.minecraft.planks":610,"stat.craftItem.minecraft.diamond_shovel":1,"stat.pickup.minecraft.wheat_seeds":63,"stat.mineBlock.simpleores.mythril_ore":39,"stat.pickup.tombstone.scroll_of_knowledge":2,"stat.mineBlock.minecraft.ender_chest":1,"stat.mineBlock.xlfoodmod.grass":1,"stat.mineBlock.minecraft.dirt":638,"stat.pickup.tombstone.voodoo_poppet":1,"stat.pickup.betteranimalsplus.boarhead_4":1,"stat.drop.minecraft.rotten_flesh":22,"stat.useItem.minecraft.cobblestone":1095,"stat.pickup.minecraft.magma":1,"stat.mineBlock.minecraft.double_plant":4,"stat.craftItem.simpleores.mythril_bow":1,"stat.killEntity.betteranimalsplus.reindeer":3,"stat.pickup.minecraft.iron_pickaxe":1,"stat.drop.minecraft.iron_ore":7,"stat.useItem.minecraft.yellow_flower":1,"stat.craftItem.minecraft.gold_ingot":69,"stat.useItem.tombstone.ankh_of_pray":13,"stat.pickup.minecraft.chicken":4,"stat.craftItem.minecraft.brewing_stand":1,"stat.pickup.minecraft.apple":9,"tombstone:cast_on_ally":1,"stat.drop.minecraft.fish":65,"stat.craftItem.minecraft.bucket":2,"stat.craftItem.minecraft.planks":1008,"stat.pickup.futuremc.cornflower":7,"stat.drop.futuremc.cornflower":4,"stat.itemEnchanted":8,"stat.craftItem.minecraft.fishing_rod":1,"stat.pickup.minecraft.stone_sword":1,"stat.useItem.betteranimalsplus.goose_egg":2,"stat.useItem.minecraft.stonebrick":51,"stat.mineBlock.minecraft.log":343,"stat.craftItem.minecraft.wooden_door":9,"stat.mineBlock.minecraft.waterlily":1,"stat.useItem.minecraft.wooden_door":6,"stat.pickup.minecraft.red_flower":9,"stat.pickup.minecraft.wool":6,"stat.drop.tombstone.familiar_stone":1,"stat.pickup.minecraft.tripwire_hook":7,"stat.craftItem.minecraft.diamond_leggings":1,"stat.useItem.minecraft.iron_axe":246,"stat.useItem.simpleores.onyx_pickaxe":5454,"stat.mineBlock.minecraft.cobblestone":288,"stat.pickup.minecraft.flint":4,"stat.mineBlock.minecraft.concrete":15,"stat.craftItem.minecraft.wool":11,"stat.drop.minecraft.saddle":3,"stat.pickup.minecraft.enchanted_book":4,"stat.drop.minecraft.cobblestone":4,"stat.pickup.minecraft.cooked_porkchop":40,"stat.useItem.futuremc.netherite_shovel":1,"stat.craftItem.simpleores.onyx_shovel":2,"stat.useItem.minecraft.obsidian":15,"stat.useItem.minecraft.stone_slab2":352,"stat.pickup.minecraft.bow":15,"stat.craftItem.minecraft.cooked_beef":20,"stat.pickup.simpleores.copper_ore":18,"stat.mineBlock.minecraft.obsidian":36,"stat.craftItem.minecraft.bow":1,"stat.pickup.futuremc.sweet_berries":2,"stat.pickup.minecraft.diamond_leggings":1,"stat.flyOneCm":15914510,"stat.pickup.minecraft.sandstone":35,"stat.pickup.minecraft.nether_brick_stairs":2,"stat.pickup.minecraft.fish":284,"stat.killEntity.betteranimalsplus.deer":1,"stat.timeSinceDeath":1456057,"stat.useItem.simpleores.onyx_sword":1226,"stat.useItem.minecraft.wooden_slab":119,"stat.craftItem.minecraft.iron_block":3,"stat.useItem.simpleores.mythril_bow":57,"stat.pickup.travelersbackpack.travelers_backpack":16,"stat.useItem.minecraft.potato":1,"stat.craftItem.tombstone.familiar_receptacle":1,"stat.pickup.minecraft.nether_wart":99,"stat.pickup.xlfoodmod.cucumber_seeds":6,"stat.mineBlock.minecraft.coal_ore":47,"stat.killEntity.Creeper":59,"stat.pickup.minecraft.shield":2,"stat.talkedToVillager":25,"stat.pickup.minecraft.string":78,"stat.mineBlock.minecraft.ladder":1,"stat.pickup.tombstone.crafting_ingredient":65,"stat.useItem.minecraft.milk_bucket":12,"stat.useItem.minecraft.written_book":1,"stat.pickup.minecraft.birch_stairs":9,"stat.sprintOneCm":8539287,"stat.useItem.minecraft.diamond_shovel":76,"stat.killEntity.betteranimalsplus.pheasant":1,"stat.mineBlock.minecraft.stone_slab":10,"stat.drop.minecraft.leather":4,"stat.useItem.tombstone.magic_scroll":11,"stat.mineBlock.minecraft.diamond_ore":165,"stat.pickup.simpleores.onyx_gem":363,"stat.useItem.betteranimalsplus.pheasant_egg":3,"tombstone:use_vanishing":5,"stat.craftItem.tombstone.bone_needle":1,"stat.pickup.minecraft.sugar":2,"stat.useItem.minecraft.ladder":18,"stat.killEntity.Zombie":348,"stat.craftItem.minecraft.dye":61,"stat.pickup.minecraft.snowball":4,"stat.mineBlock.xlfoodmod.rock_salt":2,"stat.craftItem.minecraft.diamond_axe":1,"stat.mineBlock.minecraft.gold_ore":405,"stat.diveOneCm":774279,"stat.pickup.minecraft.wheat":7,"stat.mineBlock.minecraft.mossy_cobblestone":6,"stat.craftItem.minecraft.ladder":18,"stat.mineBlock.simpleores.onyx_ore":194,"stat.killEntity.betteranimalsplus.hirschgeist":4,"stat.craftItem.minecraft.cooked_porkchop":360,"stat.craftItem.tombstone.decorative_grave_simple":1,"stat.pickup.minecraft.obsidian":41,"stat.drop.simpleores.adamantium_ore":20,"stat.pickup.xlfoodmod.onion":2,"stat.craftItem.minecraft.diamond_sword":1,"stat.jump":64460,"stat.pickup.minecraft.coal":103,"stat.pickup.minecraft.iron_ingot":12,"stat.pickup.minecraft.gunpowder":33,"stat.craftItem.minecraft.torch":20,"stat.pickup.minecraft.dirt":752,"stat.pickup.betteranimalsplus.coyotehead_1":5,"stat.pickup.simpleores.onyx_pickaxe":1,"stat.pickup.tombstone.fishing_rod_of_misadventure":2,"stat.pickup.minecraft.gold_ore":399,"stat.useItem.minecraft.sapling":4,"stat.mineBlock.minecraft.lapis_ore":75,"stat.brewingstandInteraction":8,"stat.damageTaken":21273,"stat.mineBlock.minecraft.torch":86,"stat.pickup.minecraft.written_book":1,"stat.mineBlock.minecraft.red_flower":3,"stat.pickup.minecraft.magma_cream":18,"stat.pickup.minecraft.log2":50,"stat.pickup.minecraft.concrete":15,"stat.pickup.minecraft.quartz_block":141,"stat.pickup.minecraft.potato":3,"stat.pickup.minecraft.diamond_axe":1,"stat.pickup.xlfoodmod.ground_beef":1,"stat.killEntity.Silverfish":5,"stat.useItem.tombstone.dust_of_vanishing":5,"stat.craftItem.minecraft.stone_slab":12,"stat.useItem.minecraft.chest":3,"stat.drop.minecraft.wheat":6,"stat.pickup.simpleores.mythril_ore":33,"stat.killEntity.betteranimalsplus.feralwolf":1,"stat.mineBlock.cfm.trampoline":1,"stat.useItem.minecraft.lava_bucket":11,"stat.drop.minecraft.birch_stairs":2,"stat.drop.securitycraft.keycard_lv1":1,"stat.pickup.betteranimalsplus.pheasant_egg":3,"stat.useItem.tombstone.gift":7,"stat.useItem.simpleores.adamantium_pickaxe":955,"stat.pickup.minecraft.ender_pearl":71,"stat.drop.simpleores.onyx_sword":3,"stat.pickup.minecraft.ladder":1,"stat.useItem.minecraft.netherrack":700,"tombstone:eaten_lollipop":6,"stat.craftItem.travelersbackpack.sleeping_bag_bottom":2,"stat.mineBlock.minecraft.tnt":27,"stat.mineBlock.minecraft.stonebrick":21,"stat.pickup.minecraft.dark_oak_stairs":2,"stat.killEntity.betteranimalsplus.lamprey":1,"stat.mobKills":1370,"stat.pickup.minecraft.diamond_boots":1,"stat.craftItem.minecraft.shears":1,"stat.useItem.minecraft.boat":22,"stat.craftItem.minecraft.lead":2,"stat.pickup.minecraft.diamond":258,"stat.useItem.minecraft.writable_book":1,"stat.drop.futuremc.lily_of_the_valley":2,"stat.pickup.minecraft.torch":162,"stat.drop.minecraft.diamond_shovel":1,"stat.drop.minecraft.arrow":4,"stat.pickup.betteranimalsplus.antler":11,"stat.craftItem.minecraft.iron_axe":1,"stat.killEntity.Blaze":85,"stat.craftItem.tombstone.impregnated_diamond":2,"stat.pickup.minecraft.fishing_rod":5,"stat.useItem.minecraft.planks":695,"stat.useItem.tombstone.familiar_stone":5,"stat.pickup.minecraft.glowstone_dust":1,"stat.pickup.minecraft.porkchop":818,"stat.drop.minecraft.wooden_door":1,"stat.useItem.tombstone.guardian_stone":1,"stat.useItem.minecraft.water_bucket":848,"stat.mineBlock.minecraft.nether_brick_fence":4,"stat.craftItem.minecraft.golden_apple":18,"stat.pickup.minecraft.sand":67,"stat.killEntity.betteranimalsplus.fox":1,"stat.pickup.minecraft.name_tag":7,"stat.useItem.securitycraft.bucket_f_lava":3,"stat.useItem.minecraft.ender_pearl":14,"stat.mineBlock.minecraft.sand":96,"tombstone:villager_killed":1,"stat.pickup.betteranimalsplus.eel_meat_raw":1,"stat.craftItem.minecraft.blaze_powder":20,"stat.useItem.minecraft.spawn_egg":58,"stat.craftItem.simpleores.mythril_ingot":4,"stat.pickup.minecraft.ghast_tear":6,"stat.craftItem.simpleores.onyx_boots":1,"stat.useItem.minecraft.oak_stairs":52,"stat.pickup.xlfoodmod.lettuce_seeds":1,"stat.mineBlock.futuremc.cornflower":4,"stat.pickup.minecraft.filled_map":4,"stat.craftItem.simpleores.onyx_bow":1,"stat.pickup.minecraft.furnace":3,"stat.killEntity.tombstone.grave_guardian":1,"tombstone:consume_soul":3,"stat.craftItem.travelersbackpack.travelers_backpack":1,"stat.drop.minecraft.fishing_rod":1,"stat.pickup.minecraft.skull":2,"stat.pickup.tombstone.magic_scroll":27,"stat.pickup.futuremc.lily_of_the_valley":9,"stat.killEntity.betteranimalsplus.tarantula":4,"stat.pickup.minecraft.saddle":10,"stat.mineBlock.minecraft.soul_sand":27,"stat.mineBlock.minecraft.oak_stairs":21,"stat.pickup.xlfoodmod.pepper_seeds":2,"stat.playOneMinute":3343700,"stat.pickup.minecraft.blaze_rod":77,"stat.drop.minecraft.string":2,"stat.pickup.xlfoodmod.beef_stew":1,"stat.drop.minecraft.chest":1,"stat.pickup.minecraft.iron_bars":1,"tombstone:pray_on_grave":1,"stat.pickup.minecraft.netherrack":1310,"stat.mineBlock.minecraft.netherrack":1282,"stat.pickup.minecraft.waterlily":6,"stat.pickup.betteranimalsplus.hirschgeistskull_1":3,"stat.pickup.betteranimalsplus.venisonraw":9,"stat.pickup.xlfoodmod.bacon":1,"tombstone:free_soul":3,"stat.pickup.cookingforblockheads.recipe_book":1,"stat.useItem.minecraft.experience_bottle":1720,"stat.fallOneCm":1739487,"stat.drop.minecraft.stone":4,"stat.pickup.simpleores.tin_ore":23,"stat.drop.minecraft.dye":4,"stat.craftItem.tombstone.dark_marble":3,"stat.craftItem.minecraft.chest":6,"stat.craftItem.simpleores.onyx_chestplate":1,"stat.pickup.minecraft.red_mushroom":2,"stat.pickup.simpleores.mythril_sword":2,"stat.pickup.minecraft.feather":10,"stat.drop.minecraft.bone":7,"stat.pickup.minecraft.record_cat":1,"stat.useItem.minecraft.furnace":4,"stat.pickup.cfm.trampoline":1,"stat.pickup.minecraft.lead":1,"stat.mineBlock.minecraft.gravel":9,"stat.craftItem.minecraft.oak_stairs":40,"stat.mineBlock.simpleores.copper_ore":21,"stat.mineBlock.minecraft.monster_egg":3,"stat.pickup.minecraft.flint_and_steel":1,"stat.useItem.minecraft.torch":141,"stat.craftItem.betteranimalsplus.hirschgeistskullwearable":3,"stat.drop.securitycraft.keycard_lock":2,"stat.craftItem.minecraft.boat":1,"stat.killEntity.LavaSlime":78,"stat.mineBlock.minecraft.emerald_ore":21,"stat.pickup.minecraft.log":308,"stat.craftItem.simpleores.mythril_rod":2,"stat.killEntity.betteranimalsplus.coyote":104,"stat.pickup.securitycraft.keycard_lv1":1,"stat.pickup.minecraft.sapling":36,"stat.pickup.minecraft.wooden_door":6,"stat.drop.minecraft.bow":5,"stat.craftItem.simpleores.adamantium_pickaxe":1,"stat.killEntity.WitherSkeleton":30,"stat.mineBlock.simpleores.adamantium_ore":396,"stat.craftItem.betteranimalsplus.hirschgeistskull_1":3,"stat.pickup.minecraft.golden_sword":3,"stat.sneakTime":26213,"stat.drop.minecraft.bucket":1,"stat.pickup.minecraft.stone_slab":11,"stat.pickup.minecraft.yellow_flower":4,"stat.useItem.minecraft.fishing_rod":323,"stat.useItem.minecraft.web":11,"stat.craftItem.minecraft.diamond_chestplate":1,"stat.pickup.minecraft.bone":174,"stat.drop.cookingforblockheads.recipe_book":1,"stat.pickup.securitycraft.keycard_lock":2,"stat.pickup.minecraft.stone_pressure_plate":4,"stat.horseOneCm":59766,"stat.useItem.xlfoodmod.beef_stew":1,"stat.pickup.xlfoodmod.caramel_apple":1,"stat.drop.minecraft.tripwire_hook":3,"stat.craftItem.simpleores.onyx_leggings":1,"stat.useItem.minecraft.diamond_sword":385,"stat.craftItem.minecraft.diamond_helmet":1,"stat.swimOneCm":1155767,"stat.climbOneCm":38622,"stat.enderchestOpened":87,"stat.useItem.minecraft.dirt":243,"stat.killEntity.betteranimalsplus.boar":10,"stat.craftItem.simpleores.onyx_sword":2,"stat.killEntity.betteranimalsplus.lammergeier":1,"stat.drop.minecraft.ender_pearl":1,"stat.mineBlock.minecraft.magma":1,"stat.pickup.minecraft.cobblestone":1692,"stat.craftItem.cfm.chair_oak":1,"stat.mineBlock.minecraft.carpet":1,"stat.useItem.tombstone.scroll_buff":93,"stat.pickup.minecraft.soul_sand":22,"stat.drop.minecraft.wheat_seeds":8,"stat.craftItem.minecraft.wooden_slab":78,"stat.useItem.minecraft.cooked_beef":10,"stat.pickup.minecraft.cactus":15,"stat.pickup.minecraft.redstone":107,"stat.pickup.betteranimalsplus.wolf_pelt_black":11,"stat.mineBlock.minecraft.iron_ore":51,"stat.useItem.minecraft.sign":4,"stat.pickup.minecraft.mossy_cobblestone":6,"stat.pickup.minecraft.stonebrick":74,"stat.craftItem.securitycraft.taser":1,"stat.drop.minecraft.dirt":1,"stat.useItem.minecraft.cooked_porkchop":442,"stat.pickup.minecraft.carpet":1,"stat.mineBlock.minecraft.nether_brick":8,"stat.mineBlock.betteranimalsplus.boarhead_4":1,"stat.pickup.xlfoodmod.corn_seeds":1,"stat.pickup.tombstone.lost_tablet":6,"stat.craftItem.minecraft.stick":100,"stat.drop.minecraft.potion":3,"stat.useItem.minecraft.stone_slab":10,"stat.craftItem.minecraft.stone":7,"stat.pickup.minecraft.grass":3,"stat.mineBlock.minecraft.crafting_table":1,"stat.useItem.minecraft.diamond_pickaxe":1176,"stat.mineBlock.minecraft.quartz_block":145,"stat.drop.tombstone.fishing_rod_of_misadventure":1,"stat.drop.minecraft.golden_apple":5,"stat.pickup.minecraft.diamond_chestplate":1,"stat.useItem.xlfoodmod.sausage":1,"stat.mineBlock.minecraft.planks":499,"stat.drop":246,"stat.killEntity.Sheep":3,"stat.pickup.minecraft.slime_ball":1,"stat.craftItem.minecraft.diamond_pickaxe":1,"stat.useItem.simpleores.mythril_pickaxe":334,"stat.pickup.minecraft.gravel":27,"stat.drop.minecraft.cooked_beef":5,"stat.useItem.minecraft.diamond_axe":807,"stat.useItem.minecraft.waterlily":2,"stat.drop.travelersbackpack.sleeping_bag_bottom":1,"stat.drop.minecraft.cooked_porkchop":25,"stat.pickup.minecraft.stone_brick_stairs":1,"stat.pickup.minecraft.diamond_sword":2,"stat.pickup.minecraft.fence":4,"stat.useItem.minecraft.stone_axe":5,"stat.drop.simpleores.onyx_pickaxe":1,"stat.pickup.minecraft.spider_eye":28,"stat.pickup.minecraft.experience_bottle":1,"stat.craftItem.simpleores.onyx_pickaxe":1,"stat.pickup.minecraft.iron_ore":97,"stat.boatOneCm":130459,"stat.mineBlock.betteranimalsplus.hirschgeistskull_1":1,"stat.mineBlock.minecraft.iron_bars":1,"stat.craftItem.minecraft.flint_and_steel":1,"stat.useItem.simpleores.mythril_sword":568,"stat.pickup.minecraft.leaves":68,"stat.mineBlock.minecraft.leaves2":2,"stat.pickup.xlfoodmod.tomato_seeds":2,"stat.pickup.minecraft.leather":25,"stat.pickup.cfm.item_kebab":1,"stat.mineBlock.minecraft.furnace":3,"stat.craftItem.cookingforblockheads.recipe_book":1,"stat.drop.betteranimalsplus.pheasantraw":3,"tombstone:undead_killed":585,"stat.useItem.tombstone.grave_key":2,"stat.pickup.minecraft.oak_stairs":21,"stat.damageDealt":180583,"stat.sleepInBed":8,"stat.craftItem.minecraft.anvil":1,"stat.mineBlock.minecraft.nether_brick_stairs":2,"stat.killEntity.Cow":8,"stat.killEntity.Pig":240,"stat.pickup.minecraft.boat":22,"stat.walkOneCm":7432873,"stat.playerKills":4,"stat.pickup.minecraft.stick":28,"stat.pickup.tombstone.ankh_of_pray":1,"tombstone:exorcism":2,"stat.craftItem.minecraft.diamond_boots":1,"stat.pickup.minecraft.tnt":27,"stat.pickup.minecraft.stone":205,"stat.pickup.betteranimalsplus.pheasantraw":4,"stat.pickup.minecraft.gold_ingot":2,"stat.killEntity.Skeleton":143,"stat.mineBlock.minecraft.cactus":8,"stat.useItem.simpleores.onyx_bow":245,"stat.killEntity.Chicken":4,"stat.killEntity.Spider":91,"stat.mineBlock.minecraft.quartz_ore":2602,"stat.pickup.minecraft.quartz":5766,"stat.useItem.xlfoodmod.caramel_apple":1,"stat.craftItem.minecraft.fence":9,"stat.craftItem.cfm.trampoline":1,"stat.useItem.minecraft.golden_apple":2,"stat.mineBlock.minecraft.leaves":220,"stat.mineBlock.minecraft.redstone_ore":21,"stat.killEntity.betteranimalsplus.moose":1,"stat.drop.minecraft.beef":1,"stat.useItem.minecraft.map":2,"stat.mineBlock.minecraft.stone":1838,"stat.useItem.minecraft.sandstone":17}