{"stat.useItem.minecraft.bow":3,"stat.pickup.minecraft.wooden_slab":25,"stat.leaveGame":9,"stat.killEntity.betteranimalsplus.goat":4,"stat.pickup.tombstone.familiar_stone":1,"stat.mineBlock.minecraft.sandstone":16,"stat.craftItem.minecraft.ender_eye":2,"stat.craftItem.securitycraft.whitelist_module":2,"stat.pickup.simpleores.adamantium_ore":92,"stat.mineBlock.minecraft.web":2,"stat.pickup.simpleores.onyx_sword":1,"stat.pickup.futuremc.spruce_trapdoor":2,"stat.pickup.minecraft.rotten_flesh":37,"stat.useItem.simpleores.copper_bucket":5,"stat.craftItem.minecraft.stone_axe":6,"stat.pickup.minecraft.bucket":1,"stat.killEntity.Enderman":4,"stat.mineBlock.minecraft.wooden_slab":6,"stat.craftItem.minecraft.iron_shovel":3,"stat.useItem.xlfoodmod.bacon":5,"stat.pickup.minecraft.brown_mushroom":16,"stat.killEntity.Witch":2,"stat.pickup.xlfoodmod.strawberry_seeds":7,"stat.useItem.minecraft.iron_pickaxe":1983,"stat.pickup.securitycraft.universal_block_remover":1,"stat.pickup.minecraft.stained_hardened_clay":1,"stat.craftItem.minecraft.iron_door":3,"stat.useItem.minecraft.iron_shovel":291,"stat.pickup.minecraft.double_plant":7,"stat.craftItem.minecraft.bed":2,"stat.craftItem.minecraft.glass_pane":112,"stat.furnaceInteraction":376,"stat.mineBlock.minecraft.rail":65,"stat.pickup.minecraft.nether_brick":23,"stat.drop.minecraft.red_flower":2,"stat.pickup.minecraft.beef":14,"stat.craftItem.futuremc.dye":12,"stat.mineBlock.minecraft.stained_hardened_clay":1,"stat.pickup.futuremc.stripped_oak_log":11,"stat.useItem.minecraft.fence":33,"stat.pickup.minecraft.potion":1,"stat.mineBlock.simpleores.tin_ore":23,"stat.mineBlock.minecraft.fence":4,"stat.pickup.xlfoodmod.salt":62,"stat.killEntity.Husk":1,"stat.killEntity.betteranimalsplus.zotzpyre":1,"stat.craftItem.securitycraft.laser_block":1,"stat.pickup.securitycraft.universal_block_reinforcer_lvl1":1,"stat.deaths":10,"stat.pickup.minecraft.egg":7,"stat.craftItem.minecraft.iron_pickaxe":7,"stat.pickup.minecraft.glass_pane":11,"stat.pickup.minecraft.item_frame":1,"stat.mineBlock.minecraft.tallgrass":402,"stat.craftItem.minecraft.cooked_mutton":10,"stat.chestOpened":556,"stat.pickup.tombstone.soul_receptacle":1,"stat.craftItem.minecraft.sign":6,"stat.killEntity.betteranimalsplus.goose":4,"stat.useItem.minecraft.stone":122,"stat.pickup.minecraft.arrow":32,"stat.craftItem.minecraft.quartz_block":5,"stat.craftItem.minecraft.coal":12,"stat.pickup.xlfoodmod.sausage":2,"stat.pickup.minecraft.carrot":83,"stat.drop.minecraft.stone_sword":2,"stat.crouchOneCm":12574,"stat.mineBlock.minecraft.chest":6,"stat.pickup.minecraft.rail":68,"stat.craftItem.minecraft.iron_ingot":641,"stat.mineBlock.futuremc.lily_of_the_valley":6,"stat.craftingTableInteraction":175,"stat.pickup.minecraft.nether_brick_fence":5,"stat.useItem.futuremc.sweet_berries":9,"stat.useItem.minecraft.reeds":7,"stat.pickup.xlfoodmod.tomato":30,"stat.pickup.minecraft.dye":62,"stat.pickup.minecraft.planks":725,"stat.pickup.minecraft.wheat_seeds":135,"stat.mineBlock.simpleores.mythril_ore":75,"stat.mineBlock.minecraft.glass":1,"stat.mineBlock.xlfoodmod.grass":29,"stat.mineBlock.minecraft.dirt":1609,"stat.pickup.xlfoodmod.cucumber":3,"stat.pickup.betteranimalsplus.boarhead_4":3,"stat.drop.minecraft.rotten_flesh":11,"stat.craftItem.securitycraft.portable_radar":2,"stat.useItem.minecraft.cobblestone":42,"stat.pickup.futuremc.dye":8,"stat.useItem.minecraft.gravel":6,"stat.mineBlock.minecraft.double_plant":22,"stat.mineBlock.cfm.toilet":1,"stat.mineBlock.betteranimalsplus.trillium":1,"stat.craftItem.simpleores.mythril_bow":1,"stat.pickup.securitycraft.reinforced_stone":55,"stat.pickup.minecraft.iron_pickaxe":3,"stat.craftItem.minecraft.gold_ingot":45,"stat.pickup.minecraft.chicken":6,"stat.useItem.securitycraft.scanner_door_item":1,"stat.useItem.minecraft.tallgrass":1,"stat.pickup.minecraft.apple":4,"stat.useItem.minecraft.glass_pane":86,"stat.craftItem.securitycraft.door_indestructible_iron_item":3,"stat.useItem.betteranimalsplus.pheasantcooked":5,"stat.craftItem.minecraft.bucket":1,"stat.craftItem.minecraft.planks":878,"stat.pickup.futuremc.cornflower":58,"stat.useItem.securitycraft.universal_block_remover":25,"stat.pickup.minecraft.stone_sword":2,"stat.craftItem.minecraft.fishing_rod":1,"stat.pickup.minecraft.book":21,"stat.useItem.minecraft.stonebrick":138,"stat.mineBlock.minecraft.log":444,"stat.craftItem.xlfoodmod.fried_egg":3,"stat.mineBlock.minecraft.waterlily":6,"stat.craftItem.minecraft.paper":12,"stat.pickup.minecraft.red_flower":52,"stat.pickup.minecraft.wool":50,"stat.killEntity.betteranimalsplus.badger":3,"stat.useItem.minecraft.wooden_axe":10,"stat.craftItem.minecraft.diamond_leggings":1,"stat.craftItem.xlfoodmod.bacon":22,"stat.useItem.minecraft.iron_axe":330,"stat.drop.minecraft.stone_shovel":2,"stat.mineBlock.minecraft.cobblestone":26,"stat.pickup.minecraft.flint":1,"stat.mineBlock.minecraft.yellow_flower":4,"stat.craftItem.minecraft.wool":14,"stat.drop.xlfoodmod.bacon":2,"stat.drop.minecraft.cobblestone":1,"stat.pickup.minecraft.cooked_porkchop":15,"stat.craftItem.futuremc.stripped_spruce_wood":6,"stat.craftItem.minecraft.arrow":4,"stat.drop.xlfoodmod.caramel_apple":2,"stat.craftItem.simpleores.copper_ingot":18,"stat.useItem.minecraft.stone_slab2":216,"stat.craftItem.simpleores.adamantium_ingot":92,"stat.pickup.minecraft.bow":3,"stat.drop.xlfoodmod.sausage":2,"stat.craftItem.minecraft.furnace":16,"stat.craftItem.xlfoodmod.caramel_apple":2,"stat.useItem.minecraft.egg":2,"stat.craftItem.minecraft.iron_boots":2,"stat.craftItem.minecraft.cooked_beef":12,"stat.pickup.simpleores.copper_ore":18,"stat.craftItem.minecraft.bow":3,"stat.mineBlock.minecraft.clay":12,"stat.pickup.futuremc.sweet_berries":116,"stat.flyOneCm":3620964,"stat.pickup.minecraft.sandstone":15,"stat.killEntity.betteranimalsplus.deer":4,"stat.craftItem.minecraft.stained_glass":16,"stat.timeSinceDeath":109671,"stat.useItem.minecraft.wooden_slab":95,"stat.drop.minecraft.spider_eye":3,"stat.craftItem.minecraft.iron_block":13,"stat.killEntity.Bat":1,"stat.mineBlock.futuremc.stripped_spruce_log":194,"stat.craftItem.minecraft.stonebrick":184,"stat.pickup.travelersbackpack.travelers_backpack":14,"stat.useItem.minecraft.potato":5,"stat.pickup.xlfoodmod.cucumber_seeds":11,"stat.useItem.xlfoodmod.cucumber_seeds":1,"stat.mineBlock.minecraft.coal_ore":317,"stat.killEntity.Creeper":1,"stat.craftItem.minecraft.stone_hoe":1,"stat.talkedToVillager":1,"stat.pickup.minecraft.string":26,"stat.pickup.tombstone.crafting_ingredient":11,"stat.pickup.minecraft.birch_stairs":3,"stat.useItem.minecraft.written_book":1,"stat.sprintOneCm":1253790,"stat.useItem.minecraft.diamond_shovel":854,"stat.killEntity.betteranimalsplus.pheasant":5,"stat.craftItem.minecraft.wooden_axe":1,"stat.mineBlock.minecraft.diamond_ore":14,"stat.pickup.simpleores.onyx_gem":18,"stat.useItem.betteranimalsplus.pheasant_egg":1,"stat.craftItem.simpleores.adamantium_helmet":1,"stat.useItem.xlfoodmod.pepper_seeds":22,"stat.craftItem.securitycraft.keycard_lock":1,"stat.drop.tombstone.grave_key":1,"stat.pickup.tombstone.grave_key":1,"stat.killEntity.Zombie":22,"stat.craftItem.minecraft.dye":39,"stat.useItem.minecraft.birch_stairs":23,"stat.mineBlock.xlfoodmod.rock_salt":25,"stat.craftItem.securitycraft.scanner_door_item":3,"stat.craftItem.minecraft.diamond_axe":1,"stat.mineBlock.minecraft.gold_ore":44,"stat.diveOneCm":87928,"stat.pickup.minecraft.sign":2,"stat.mineBlock.simpleores.onyx_ore":6,"stat.craftItem.minecraft.cooked_porkchop":228,"stat.pickup.minecraft.stone_axe":1,"stat.pickup.minecraft.obsidian":16,"stat.useItem.securitycraft.sentry":2,"stat.useItem.simpleores.copper_bucket_water":5,"stat.craftItem.futuremc.spruce_trapdoor":2,"stat.pickup.xlfoodmod.onion":8,"stat.craftItem.minecraft.diamond_sword":1,"stat.jump":19472,"stat.pickup.minecraft.coal":339,"stat.pickup.minecraft.iron_ingot":29,"stat.drop.minecraft.diamond_sword":1,"stat.pickup.minecraft.gunpowder":16,"stat.craftItem.minecraft.torch":232,"stat.pickup.minecraft.dirt":1774,"stat.drop.futuremc.sweet_berries":3,"stat.pickup.betteranimalsplus.coyotehead_1":3,"stat.pickup.cfm.modern_window":1,"stat.useItem.minecraft.glass":2,"stat.pickup.minecraft.stone_shovel":2,"stat.pickup.minecraft.gold_ore":45,"stat.useItem.minecraft.sapling":24,"stat.mineBlock.betteranimalsplus.deerhead_1":1,"stat.mineBlock.minecraft.lapis_ore":8,"stat.drop.simpleores.onyx_gem":2,"stat.pickup.minecraft.iron_axe":2,"stat.mineBlock.minecraft.glass_pane":6,"stat.brewingstandInteraction":1,"stat.damageTaken":15755,"stat.useItem.minecraft.stone_brick_stairs":14,"stat.mineBlock.minecraft.red_flower":51,"stat.mineBlock.minecraft.torch":105,"stat.craftItem.betteranimalsplus.pheasantcooked":5,"stat.pickup.minecraft.ender_eye":1,"stat.useItem.securitycraft.reinforced_stone":2,"stat.drop.minecraft.nether_brick_fence":5,"stat.pickup.minecraft.quartz_block":3,"stat.pickup.xlfoodmod.rice_seeds":3,"stat.pickup.minecraft.potato":18,"stat.pickup.minecraft.diamond_axe":1,"stat.craftItem.securitycraft.universal_block_reinforcer_lvl1":1,"stat.useItem.minecraft.chest":5,"stat.pickup.futuremc.stripped_spruce_log":194,"stat.pickup.simpleores.mythril_ore":73,"stat.pickup.minecraft.diamond_pickaxe":1,"stat.useItem.minecraft.lava_bucket":4,"stat.drop.securitycraft.keycard_lv1":1,"stat.pickup.betteranimalsplus.pheasant_egg":2,"stat.useItem.tombstone.gift":2,"stat.craftItem.minecraft.iron_chestplate":2,"stat.pickup.cookingforblockheads.cow_jar":1,"stat.pickup.minecraft.ender_pearl":2,"stat.drop.simpleores.onyx_sword":1,"stat.pickup.minecraft.cooked_beef":10,"stat.useItem.minecraft.netherrack":42,"stat.craftItem.minecraft.stained_glass_pane":32,"stat.mineBlock.minecraft.tnt":9,"stat.mineBlock.minecraft.stonebrick":31,"stat.mineBlock.minecraft.glowstone":3,"stat.mobKills":161,"stat.mineBlock.minecraft.bookshelf":7,"stat.craftItem.minecraft.shears":2,"stat.craftItem.minecraft.lead":2,"stat.pickup.minecraft.diamond":79,"stat.pickup.minecraft.beetroot_seeds":3,"stat.pickup.minecraft.torch":132,"stat.drop.minecraft.stone_axe":1,"stat.craftItem.minecraft.spruce_stairs":8,"stat.craftItem.xlfoodmod.ground_beef":4,"stat.craftItem.betteranimalsplus.venisoncooked":5,"stat.craftItem.simpleores.tin_ingot":22,"stat.pickup.betteranimalsplus.antler":8,"stat.useItem.betteranimalsplus.venisoncooked":3,"stat.craftItem.minecraft.iron_axe":3,"stat.killEntity.Blaze":1,"stat.craftItem.xlfoodmod.empty_can":4,"stat.useItem.minecraft.mutton":1,"stat.pickup.minecraft.fishing_rod":1,"stat.useItem.minecraft.planks":426,"stat.mineBlock.cfm.modern_window":1,"stat.pickup.minecraft.glowstone_dust":10,"stat.pickup.minecraft.porkchop":82,"stat.mineBlock.minecraft.red_mushroom":5,"stat.useItem.minecraft.water_bucket":27,"stat.mineBlock.minecraft.stone_brick_stairs":1,"stat.mineBlock.minecraft.nether_brick_fence":4,"stat.pickup.minecraft.sand":98,"stat.pickup.betteranimalsplus.deerhead_1":2,"stat.killEntity.betteranimalsplus.fox":1,"stat.pickup.minecraft.name_tag":2,"stat.pickup.minecraft.activator_rail":1,"stat.craftItem.minecraft.stone_sword":1,"stat.pickup.betteranimalsplus.trillium":1,"stat.mineBlock.minecraft.sand":95,"stat.pickup.securitycraft.reinforced_cobblestone":46,"stat.mineBlock.futuremc.stripped_oak_log":10,"stat.craftItem.minecraft.blaze_powder":4,"stat.craftItem.securitycraft.reinforced_stone_button":24,"stat.craftItem.simpleores.adamantium_chestplate":1,"stat.craftItem.simpleores.mythril_ingot":69,"stat.craftItem.minecraft.birch_door":3,"stat.pickup.xlfoodmod.lettuce_seeds":7,"stat.mineBlock.futuremc.cornflower":28,"stat.pickup.xlfoodmod.pepper":35,"stat.mineBlock.minecraft.birch_stairs":3,"stat.pickup.minecraft.filled_map":1,"stat.pickup.minecraft.furnace":6,"stat.useItem.minecraft.cooked_mutton":7,"stat.craftItem.simpleores.copper_bucket":1,"tombstone:consume_soul":1,"stat.craftItem.travelersbackpack.travelers_backpack":2,"stat.pickup.xlfoodmod.vanilla_flower":20,"stat.craftItem.securitycraft.reinforced_stone_slabs":6,"stat.pickup.minecraft.iron_chestplate":2,"stat.pickup.tombstone.magic_scroll":5,"stat.craftItem.xlfoodmod.sausage":12,"stat.pickup.futuremc.lily_of_the_valley":1,"stat.killEntity.betteranimalsplus.tarantula":1,"stat.pickup.minecraft.pumpkin_seeds":2,"stat.pickup.minecraft.saddle":3,"stat.mineBlock.minecraft.soul_sand":16,"stat.craftItem.minecraft.heavy_weighted_pressure_plate":3,"stat.useItem.xlfoodmod.tomato_seeds":27,"stat.pickup.xlfoodmod.pepper_seeds":35,"stat.killEntity.betteranimalsplus.songbird":4,"stat.playOneMinute":964443,"stat.pickup.minecraft.birch_door":4,"stat.pickup.minecraft.blaze_rod":13,"stat.drop.minecraft.string":8,"stat.pickup.xlfoodmod.beef_stew":4,"stat.craftItem.securitycraft.keypad_item":3,"stat.pickup.minecraft.netherrack":112,"stat.mineBlock.minecraft.netherrack":114,"stat.pickup.minecraft.waterlily":6,"stat.drop.xlfoodmod.beef_stew":1,"stat.pickup.betteranimalsplus.venisonraw":6,"stat.pickup.xlfoodmod.bacon":19,"stat.craftItem.simpleores.adamantium_boots":1,"stat.pickup.minecraft.detector_rail":4,"tombstone:free_soul":1,"stat.pickup.cookingforblockheads.recipe_book":3,"stat.fallOneCm":555645,"stat.pickup.simpleores.tin_ore":31,"stat.craftItem.minecraft.chest":13,"stat.pickup.travelersbackpack.sleeping_bag_bottom":1,"stat.pickup.minecraft.red_mushroom":5,"stat.pickup.minecraft.heavy_weighted_pressure_plate":1,"stat.craftItem.securitycraft.remote_access_sentry":1,"stat.pickup.minecraft.feather":15,"stat.useItem.minecraft.furnace":9,"stat.killEntity.Llama":1,"stat.pickup.minecraft.iron_leggings":2,"stat.pickup.minecraft.lead":2,"stat.mineBlock.minecraft.gravel":12,"stat.craftItem.xlfoodmod.beef_stew":3,"stat.useItem.minecraft.stone_pickaxe":274,"stat.craftItem.minecraft.birch_stairs":32,"stat.useItem.minecraft.stone_sword":35,"stat.craftItem.minecraft.iron_leggings":2,"stat.killEntity.Rabbit":1,"stat.pickup.securitycraft.scanner_door_item":10,"stat.craftItem.securitycraft.dirt_mine":2,"stat.mineBlock.simpleores.copper_ore":31,"stat.useItem.minecraft.torch":320,"stat.craftItem.minecraft.redstone_block":2,"stat.useItem.minecraft.log":56,"stat.pickup.minecraft.crafting_table":7,"stat.craftItem.minecraft.crafting_table":3,"stat.craftItem.cfm.toilet":1,"stat.killEntity.LavaSlime":14,"stat.pickup.minecraft.log":465,"stat.craftItem.minecraft.stone_button":11,"stat.craftItem.simpleores.mythril_rod":2,"stat.killEntity.betteranimalsplus.coyote":11,"stat.pickup.minecraft.tallgrass":2,"stat.drop.minecraft.planks":1,"stat.pickup.securitycraft.keycard_lv1":1,"stat.pickup.minecraft.sapling":67,"stat.useItem.minecraft.birch_door":4,"stat.entityKilledBy.betteranimalsplus.coyote":1,"stat.mineBlock.simpleores.adamantium_ore":76,"stat.craftItem.minecraft.cooked_chicken":5,"stat.craftItem.xlfoodmod.bowl":6,"stat.useItem.minecraft.stone_hoe":68,"stat.craftItem.minecraft.sugar":23,"stat.sneakTime":6663,"stat.pickup.minecraft.rabbit":1,"stat.useItem.minecraft.baked_potato":4,"stat.useItem.futuremc.stripped_oak_log":1,"stat.drop.minecraft.yellow_flower":5,"stat.pickup.minecraft.yellow_flower":11,"stat.pickup.minecraft.chest":7,"stat.pickup.minecraft.bone":37,"stat.useItem.futuremc.stripped_spruce_wood":4,"stat.drop.cookingforblockheads.recipe_book":1,"stat.pickup.securitycraft.keycard_lock":1,"stat.pickup.minecraft.stone_pressure_plate":1,"stat.pickup.securitycraft.sentry":1,"stat.craftItem.minecraft.stone_brick_stairs":16,"stat.mineBlock.minecraft.brown_mushroom":9,"stat.useItem.xlfoodmod.fried_egg":3,"stat.useItem.minecraft.diamond_sword":874,"stat.craftItem.securitycraft.sentry":2,"stat.swimOneCm":176455,"stat.climbOneCm":8365,"stat.craftItem.securitycraft.mine":3,"stat.enderchestOpened":5,"stat.useItem.minecraft.dirt":1065,"stat.killEntity.betteranimalsplus.boar":2,"stat.useItem.minecraft.red_flower":2,"stat.mineBlock.futuremc.bee_nest":1,"stat.pickup.securitycraft.reinforced_metals":6,"stat.craftItem.minecraft.stone_pickaxe":3,"stat.pickup.minecraft.cobblestone":687,"stat.useItem.minecraft.stone_shovel":676,"stat.pickup.minecraft.soul_sand":15,"stat.drop.minecraft.wheat_seeds":33,"stat.useItem.minecraft.cooked_beef":17,"stat.craftItem.minecraft.wooden_slab":126,"stat.pickup.minecraft.cactus":5,"stat.pickup.minecraft.redstone":83,"stat.mineBlock.minecraft.iron_ore":552,"stat.craftItem.minecraft.book":2,"stat.useItem.minecraft.sign":4,"stat.mineBlock.xlfoodmod.vanilla_flower":14,"stat.pickup.minecraft.mutton":21,"stat.craftItem.securitycraft.reinforced_dispenser":2,"stat.pickup.minecraft.stonebrick":28,"stat.craftItem.securitycraft.taser":1,"stat.useItem.minecraft.cooked_porkchop":123,"stat.pickup.minecraft.iron_shovel":1,"stat.pickup.minecraft.diamond_shovel":1,"stat.mineBlock.minecraft.nether_brick":24,"stat.drop.xlfoodmod.ground_beef":1,"stat.killEntity.betteranimalsplus.turkey":1,"stat.mineBlock.betteranimalsplus.boarhead_4":2,"stat.pickup.xlfoodmod.corn_seeds":4,"stat.craftItem.minecraft.stone_slab2":0,"stat.pickup.minecraft.paper":4,"stat.craftItem.minecraft.stick":180,"stat.craftItem.minecraft.stone":276,"stat.drop.tombstone.ankh_of_pray":1,"stat.mineBlock.minecraft.crafting_table":6,"stat.useItem.minecraft.diamond_pickaxe":17,"stat.useItem.minecraft.carrot":43,"stat.useItem.xlfoodmod.sausage":9,"stat.entityKilledBy.Creeper":3,"stat.mineBlock.minecraft.planks":145,"stat.drop":95,"stat.killEntity.Sheep":12,"stat.drop.securitycraft.taser":1,"stat.pickup.minecraft.slime_ball":8,"stat.craftItem.minecraft.diamond_pickaxe":1,"stat.craftItem.securitycraft.retinal_scanner":3,"stat.pickup.securitycraft.taser":1,"stat.craftItem.securitycraft.universal_block_remover":1,"stat.pickup.cfm.toilet":1,"stat.pickup.minecraft.gravel":19,"stat.killEntity.Slime":6,"stat.useItem.minecraft.diamond_axe":50,"stat.mineBlock.minecraft.deadbush":1,"stat.useItem.xlfoodmod.ground_beef":3,"stat.pickup.minecraft.stone_brick_stairs":1,"stat.pickup.minecraft.diamond_sword":2,"stat.craftItem.travelersbackpack.backpack_tank":2,"stat.pickup.minecraft.fence":4,"stat.useItem.minecraft.stone_axe":631,"stat.pickup.minecraft.spider_eye":9,"stat.craftItem.minecraft.iron_helmet":2,"stat.useItem.minecraft.cooked_chicken":5,"stat.pickup.minecraft.iron_ore":661,"stat.boatOneCm":4688,"stat.pickup.xlfoodmod.tomato_seeds":48,"stat.pickup.minecraft.leather":19,"stat.mineBlock.minecraft.furnace":6,"stat.craftItem.cookingforblockheads.recipe_book":1,"stat.pickup.minecraft.reeds":107,"tombstone:undead_killed":42,"stat.craftItem.minecraft.glass":66,"stat.damageDealt":23939,"stat.sleepInBed":3,"stat.craftItem.minecraft.anvil":1,"stat.craftItem.minecraft.baked_potato":4,"stat.killEntity.Cow":4,"stat.pickup.minecraft.minecart":1,"stat.killEntity.Pig":13,"stat.craftItem.minecraft.stone_shovel":7,"stat.walkOneCm":1986941,"stat.playerKills":5,"stat.pickup.minecraft.stick":12,"stat.pickup.minecraft.clay_ball":48,"stat.pickup.tombstone.ankh_of_pray":1,"stat.useItem.futuremc.stripped_spruce_log":156,"stat.pickup.minecraft.tnt":9,"stat.drop.futuremc.stripped_oak_log":1,"stat.pickup.minecraft.stone":148,"stat.useItem.minecraft.spruce_stairs":7,"stat.craftItem.securitycraft.cobblestone_mine":1,"stat.craftItem.securitycraft.keycard_lv1":1,"stat.pickup.betteranimalsplus.pheasantraw":8,"stat.useItem.minecraft.leaves":39,"stat.pickup.minecraft.gold_ingot":7,"stat.killEntity.Skeleton":19,"stat.mineBlock.minecraft.cactus":3,"stat.killEntity.Chicken":5,"stat.killEntity.Spider":10,"stat.mineBlock.minecraft.quartz_ore":47,"stat.pickup.minecraft.quartz":46,"stat.craftItem.minecraft.fence":30,"stat.pickup.tombstone.tablet_of_home":1,"stat.pickup.minecraft.water_bucket":1,"stat.mineBlock.minecraft.leaves":171,"stat.pickup.minecraft.spruce_stairs":1,"stat.mineBlock.minecraft.redstone_ore":19,"stat.craftItem.minecraft.brick":48,"stat.mineBlock.minecraft.stone":730,"stat.useItem.minecraft.sandstone":11}