{"stat.useItem.minecraft.bow":3,"stat.pickup.minecraft.wooden_slab":25,"stat.leaveGame":6,"stat.killEntity.betteranimalsplus.goat":4,"stat.mineBlock.minecraft.sandstone":3,"stat.pickup.simpleores.adamantium_ore":92,"stat.pickup.simpleores.onyx_sword":1,"stat.pickup.futuremc.spruce_trapdoor":2,"stat.pickup.minecraft.rotten_flesh":29,"stat.useItem.simpleores.copper_bucket":5,"stat.craftItem.minecraft.stone_axe":6,"stat.killEntity.Enderman":2,"stat.mineBlock.minecraft.wooden_slab":6,"stat.craftItem.minecraft.iron_shovel":1,"stat.useItem.xlfoodmod.bacon":3,"stat.pickup.minecraft.brown_mushroom":16,"stat.killEntity.Witch":2,"stat.pickup.xlfoodmod.strawberry_seeds":1,"stat.useItem.minecraft.iron_pickaxe":1525,"stat.craftItem.minecraft.iron_door":3,"stat.useItem.minecraft.iron_shovel":119,"stat.pickup.minecraft.double_plant":7,"stat.craftItem.minecraft.bed":2,"stat.craftItem.minecraft.glass_pane":112,"stat.furnaceInteraction":297,"stat.pickup.minecraft.nether_brick":23,"stat.pickup.minecraft.beef":8,"stat.craftItem.futuremc.dye":12,"stat.pickup.futuremc.stripped_oak_log":11,"stat.pickup.minecraft.potion":1,"stat.mineBlock.simpleores.tin_ore":23,"stat.pickup.xlfoodmod.salt":51,"stat.killEntity.betteranimalsplus.zotzpyre":1,"stat.craftItem.securitycraft.laser_block":1,"stat.deaths":6,"stat.pickup.minecraft.egg":7,"stat.craftItem.minecraft.iron_pickaxe":6,"stat.pickup.minecraft.glass_pane":11,"stat.pickup.minecraft.item_frame":1,"stat.mineBlock.minecraft.tallgrass":288,"stat.craftItem.minecraft.cooked_mutton":10,"stat.chestOpened":431,"stat.craftItem.minecraft.sign":6,"stat.killEntity.betteranimalsplus.goose":1,"stat.useItem.minecraft.stone":120,"stat.pickup.minecraft.arrow":15,"stat.craftItem.minecraft.coal":12,"stat.pickup.minecraft.carrot":58,"stat.drop.minecraft.stone_sword":2,"stat.crouchOneCm":9264,"stat.mineBlock.minecraft.chest":6,"stat.craftItem.minecraft.iron_ingot":457,"stat.mineBlock.futuremc.lily_of_the_valley":6,"stat.craftingTableInteraction":123,"stat.pickup.minecraft.nether_brick_fence":5,"stat.useItem.futuremc.sweet_berries":9,"stat.useItem.minecraft.reeds":7,"stat.pickup.xlfoodmod.tomato":16,"stat.pickup.minecraft.dye":57,"stat.pickup.minecraft.planks":262,"stat.pickup.minecraft.wheat_seeds":57,"stat.mineBlock.simpleores.mythril_ore":75,"stat.mineBlock.minecraft.glass":1,"stat.mineBlock.xlfoodmod.grass":7,"stat.mineBlock.minecraft.dirt":652,"stat.pickup.xlfoodmod.cucumber":2,"stat.pickup.betteranimalsplus.boarhead_4":3,"stat.drop.minecraft.rotten_flesh":7,"stat.craftItem.securitycraft.portable_radar":2,"stat.useItem.minecraft.cobblestone":19,"stat.pickup.futuremc.dye":8,"stat.useItem.minecraft.gravel":6,"stat.mineBlock.minecraft.double_plant":14,"stat.mineBlock.betteranimalsplus.trillium":1,"stat.craftItem.simpleores.mythril_bow":1,"stat.pickup.securitycraft.reinforced_stone":26,"stat.craftItem.minecraft.gold_ingot":35,"stat.pickup.minecraft.chicken":6,"stat.useItem.minecraft.tallgrass":1,"stat.pickup.minecraft.apple":3,"stat.useItem.minecraft.glass_pane":82,"stat.craftItem.securitycraft.door_indestructible_iron_item":1,"stat.useItem.betteranimalsplus.pheasantcooked":5,"stat.craftItem.minecraft.bucket":1,"stat.craftItem.minecraft.planks":846,"stat.pickup.futuremc.cornflower":46,"stat.useItem.securitycraft.universal_block_remover":17,"stat.pickup.minecraft.stone_sword":2,"stat.pickup.minecraft.book":21,"stat.mineBlock.minecraft.log":272,"stat.craftItem.xlfoodmod.fried_egg":3,"stat.mineBlock.minecraft.waterlily":6,"stat.craftItem.minecraft.paper":6,"stat.pickup.minecraft.red_flower":37,"stat.pickup.minecraft.wool":50,"stat.killEntity.betteranimalsplus.badger":3,"stat.useItem.minecraft.wooden_axe":10,"stat.craftItem.minecraft.diamond_leggings":1,"stat.craftItem.xlfoodmod.bacon":8,"stat.useItem.minecraft.iron_axe":59,"stat.drop.minecraft.stone_shovel":2,"stat.mineBlock.minecraft.cobblestone":4,"stat.pickup.minecraft.flint":1,"stat.mineBlock.minecraft.yellow_flower":3,"stat.craftItem.minecraft.wool":14,"stat.drop.xlfoodmod.bacon":1,"stat.drop.minecraft.cobblestone":1,"stat.craftItem.futuremc.stripped_spruce_wood":6,"stat.craftItem.minecraft.arrow":4,"stat.craftItem.simpleores.copper_ingot":18,"stat.useItem.minecraft.stone_slab2":156,"stat.craftItem.simpleores.adamantium_ingot":83,"stat.pickup.minecraft.bow":1,"stat.drop.xlfoodmod.sausage":1,"stat.craftItem.minecraft.furnace":15,"stat.useItem.minecraft.egg":2,"stat.craftItem.minecraft.iron_boots":1,"stat.craftItem.minecraft.cooked_beef":8,"stat.pickup.simpleores.copper_ore":18,"stat.craftItem.minecraft.bow":2,"stat.mineBlock.minecraft.clay":12,"stat.pickup.futuremc.sweet_berries":116,"stat.flyOneCm":2644795,"stat.pickup.minecraft.sandstone":3,"stat.killEntity.betteranimalsplus.deer":4,"stat.craftItem.minecraft.stained_glass":16,"stat.timeSinceDeath":45912,"stat.useItem.minecraft.wooden_slab":94,"stat.craftItem.minecraft.iron_block":13,"stat.mineBlock.futuremc.stripped_spruce_log":193,"stat.pickup.travelersbackpack.travelers_backpack":10,"stat.pickup.xlfoodmod.cucumber_seeds":4,"stat.mineBlock.minecraft.coal_ore":249,"stat.craftItem.minecraft.stone_hoe":1,"stat.talkedToVillager":1,"stat.pickup.minecraft.string":18,"stat.pickup.tombstone.crafting_ingredient":10,"stat.pickup.minecraft.birch_stairs":2,"stat.useItem.minecraft.written_book":1,"stat.sprintOneCm":884175,"stat.killEntity.betteranimalsplus.pheasant":5,"stat.craftItem.minecraft.wooden_axe":1,"stat.mineBlock.minecraft.diamond_ore":2,"stat.pickup.simpleores.onyx_gem":18,"stat.craftItem.simpleores.adamantium_helmet":1,"stat.useItem.xlfoodmod.pepper_seeds":13,"stat.drop.tombstone.grave_key":1,"stat.pickup.tombstone.grave_key":1,"stat.killEntity.Zombie":17,"stat.craftItem.minecraft.dye":39,"stat.useItem.minecraft.birch_stairs":13,"stat.mineBlock.xlfoodmod.rock_salt":21,"stat.craftItem.securitycraft.scanner_door_item":1,"stat.craftItem.minecraft.diamond_axe":1,"stat.mineBlock.minecraft.gold_ore":34,"stat.diveOneCm":63645,"stat.pickup.minecraft.sign":2,"stat.mineBlock.simpleores.onyx_ore":6,"stat.craftItem.minecraft.cooked_porkchop":183,"stat.pickup.minecraft.stone_axe":1,"stat.pickup.minecraft.obsidian":16,"stat.useItem.securitycraft.sentry":2,"stat.useItem.simpleores.copper_bucket_water":5,"stat.craftItem.futuremc.spruce_trapdoor":2,"stat.pickup.xlfoodmod.onion":3,"stat.craftItem.minecraft.diamond_sword":1,"stat.jump":14346,"stat.pickup.minecraft.coal":271,"stat.pickup.minecraft.iron_ingot":22,"stat.drop.minecraft.diamond_sword":1,"stat.pickup.minecraft.gunpowder":12,"stat.craftItem.minecraft.torch":152,"stat.pickup.minecraft.dirt":785,"stat.drop.futuremc.sweet_berries":3,"stat.pickup.betteranimalsplus.coyotehead_1":3,"stat.pickup.cfm.modern_window":1,"stat.pickup.minecraft.stone_shovel":2,"stat.pickup.minecraft.gold_ore":35,"stat.useItem.minecraft.sapling":24,"stat.mineBlock.betteranimalsplus.deerhead_1":1,"stat.mineBlock.minecraft.lapis_ore":8,"stat.drop.simpleores.onyx_gem":2,"stat.mineBlock.minecraft.glass_pane":2,"stat.damageTaken":11236,"stat.mineBlock.minecraft.red_flower":40,"stat.mineBlock.minecraft.torch":69,"stat.craftItem.betteranimalsplus.pheasantcooked":5,"stat.pickup.minecraft.ender_eye":1,"stat.drop.minecraft.nether_brick_fence":5,"stat.pickup.minecraft.potato":18,"stat.craftItem.securitycraft.universal_block_reinforcer_lvl1":1,"stat.useItem.minecraft.chest":5,"stat.pickup.futuremc.stripped_spruce_log":193,"stat.pickup.simpleores.mythril_ore":73,"stat.pickup.betteranimalsplus.pheasant_egg":1,"stat.useItem.tombstone.gift":2,"stat.craftItem.minecraft.iron_chestplate":1,"stat.drop.simpleores.onyx_sword":1,"stat.pickup.minecraft.cooked_beef":10,"stat.useItem.minecraft.netherrack":42,"stat.craftItem.minecraft.stained_glass_pane":32,"stat.mineBlock.minecraft.glowstone":3,"stat.mobKills":127,"stat.mineBlock.minecraft.bookshelf":7,"stat.craftItem.minecraft.shears":2,"stat.pickup.minecraft.diamond":53,"stat.pickup.minecraft.torch":77,"stat.drop.minecraft.stone_axe":1,"stat.craftItem.minecraft.spruce_stairs":8,"stat.craftItem.xlfoodmod.ground_beef":4,"stat.craftItem.betteranimalsplus.venisoncooked":2,"stat.craftItem.simpleores.tin_ingot":22,"stat.pickup.betteranimalsplus.antler":8,"stat.useItem.betteranimalsplus.venisoncooked":2,"stat.craftItem.minecraft.iron_axe":1,"stat.killEntity.Blaze":1,"stat.useItem.minecraft.mutton":1,"stat.useItem.minecraft.planks":412,"stat.mineBlock.cfm.modern_window":1,"stat.pickup.minecraft.glowstone_dust":10,"stat.pickup.minecraft.porkchop":27,"stat.mineBlock.minecraft.red_mushroom":5,"stat.mineBlock.minecraft.nether_brick_fence":4,"stat.pickup.minecraft.sand":95,"stat.pickup.betteranimalsplus.deerhead_1":2,"stat.killEntity.betteranimalsplus.fox":1,"stat.craftItem.minecraft.stone_sword":1,"stat.pickup.betteranimalsplus.trillium":1,"stat.mineBlock.minecraft.sand":91,"stat.pickup.securitycraft.reinforced_cobblestone":32,"stat.mineBlock.futuremc.stripped_oak_log":10,"stat.craftItem.securitycraft.reinforced_stone_button":12,"stat.craftItem.simpleores.adamantium_chestplate":1,"stat.craftItem.simpleores.mythril_ingot":69,"stat.craftItem.minecraft.birch_door":3,"stat.pickup.xlfoodmod.lettuce_seeds":1,"stat.mineBlock.futuremc.cornflower":23,"stat.pickup.xlfoodmod.pepper":16,"stat.mineBlock.minecraft.birch_stairs":2,"stat.pickup.minecraft.filled_map":1,"stat.pickup.minecraft.furnace":6,"stat.useItem.minecraft.cooked_mutton":7,"stat.craftItem.simpleores.copper_bucket":1,"stat.craftItem.travelersbackpack.travelers_backpack":2,"stat.pickup.xlfoodmod.vanilla_flower":7,"stat.pickup.tombstone.magic_scroll":3,"stat.craftItem.xlfoodmod.sausage":9,"stat.pickup.futuremc.lily_of_the_valley":1,"stat.mineBlock.minecraft.soul_sand":16,"stat.craftItem.minecraft.heavy_weighted_pressure_plate":2,"stat.useItem.xlfoodmod.tomato_seeds":17,"stat.pickup.xlfoodmod.pepper_seeds":19,"stat.killEntity.betteranimalsplus.songbird":3,"stat.playOneMinute":642810,"stat.pickup.minecraft.birch_door":4,"stat.pickup.minecraft.blaze_rod":13,"stat.craftItem.securitycraft.keypad_item":1,"stat.pickup.minecraft.netherrack":112,"stat.mineBlock.minecraft.netherrack":114,"stat.pickup.minecraft.waterlily":6,"stat.pickup.betteranimalsplus.venisonraw":6,"stat.craftItem.simpleores.adamantium_boots":1,"stat.pickup.cookingforblockheads.recipe_book":2,"stat.fallOneCm":412212,"stat.pickup.simpleores.tin_ore":31,"stat.craftItem.minecraft.chest":11,"stat.pickup.travelersbackpack.sleeping_bag_bottom":1,"stat.pickup.minecraft.red_mushroom":5,"stat.pickup.minecraft.heavy_weighted_pressure_plate":1,"stat.craftItem.securitycraft.remote_access_sentry":1,"stat.pickup.minecraft.feather":13,"stat.useItem.minecraft.furnace":9,"stat.killEntity.Llama":1,"stat.mineBlock.minecraft.gravel":12,"stat.useItem.minecraft.stone_pickaxe":274,"stat.craftItem.minecraft.birch_stairs":16,"stat.useItem.minecraft.stone_sword":35,"stat.craftItem.minecraft.iron_leggings":1,"stat.pickup.securitycraft.scanner_door_item":5,"stat.craftItem.securitycraft.dirt_mine":2,"stat.mineBlock.simpleores.copper_ore":31,"stat.useItem.minecraft.torch":199,"stat.craftItem.minecraft.redstone_block":2,"stat.useItem.minecraft.log":56,"stat.pickup.minecraft.crafting_table":6,"stat.craftItem.minecraft.crafting_table":3,"stat.killEntity.LavaSlime":14,"stat.pickup.minecraft.log":295,"stat.craftItem.minecraft.stone_button":10,"stat.craftItem.simpleores.mythril_rod":2,"stat.killEntity.betteranimalsplus.coyote":9,"stat.pickup.minecraft.tallgrass":2,"stat.pickup.minecraft.sapling":56,"stat.useItem.minecraft.birch_door":4,"stat.entityKilledBy.betteranimalsplus.coyote":1,"stat.mineBlock.simpleores.adamantium_ore":76,"stat.craftItem.minecraft.cooked_chicken":5,"stat.useItem.minecraft.stone_hoe":68,"stat.sneakTime":4978,"stat.pickup.minecraft.rabbit":1,"stat.useItem.futuremc.stripped_oak_log":1,"stat.pickup.minecraft.yellow_flower":6,"stat.pickup.minecraft.chest":6,"stat.pickup.minecraft.bone":15,"stat.useItem.futuremc.stripped_spruce_wood":4,"stat.drop.cookingforblockheads.recipe_book":1,"stat.pickup.securitycraft.sentry":1,"stat.mineBlock.minecraft.brown_mushroom":9,"stat.useItem.xlfoodmod.fried_egg":3,"stat.useItem.minecraft.diamond_sword":722,"stat.craftItem.securitycraft.sentry":2,"stat.swimOneCm":113483,"stat.climbOneCm":7441,"stat.craftItem.securitycraft.mine":3,"stat.enderchestOpened":2,"stat.useItem.minecraft.dirt":695,"stat.killEntity.betteranimalsplus.boar":2,"stat.mineBlock.futuremc.bee_nest":1,"stat.pickup.securitycraft.reinforced_metals":6,"stat.craftItem.minecraft.stone_pickaxe":3,"stat.pickup.minecraft.cobblestone":501,"stat.useItem.minecraft.stone_shovel":676,"stat.pickup.minecraft.soul_sand":15,"stat.drop.minecraft.wheat_seeds":8,"stat.useItem.minecraft.cooked_beef":16,"stat.craftItem.minecraft.wooden_slab":120,"stat.pickup.minecraft.cactus":3,"stat.pickup.minecraft.redstone":68,"stat.mineBlock.minecraft.iron_ore":429,"stat.craftItem.minecraft.book":2,"stat.useItem.minecraft.sign":4,"stat.mineBlock.xlfoodmod.vanilla_flower":4,"stat.pickup.minecraft.mutton":21,"stat.craftItem.securitycraft.reinforced_dispenser":2,"stat.useItem.minecraft.cooked_porkchop":85,"stat.mineBlock.minecraft.nether_brick":24,"stat.drop.xlfoodmod.ground_beef":1,"stat.killEntity.betteranimalsplus.turkey":1,"stat.mineBlock.betteranimalsplus.boarhead_4":2,"stat.pickup.xlfoodmod.corn_seeds":2,"stat.craftItem.minecraft.stone_slab2":0,"stat.craftItem.minecraft.stick":160,"stat.craftItem.minecraft.stone":40,"stat.mineBlock.minecraft.crafting_table":6,"stat.useItem.minecraft.diamond_pickaxe":17,"stat.useItem.minecraft.carrot":33,"stat.useItem.xlfoodmod.sausage":5,"stat.entityKilledBy.Creeper":2,"stat.mineBlock.minecraft.planks":136,"stat.drop":39,"stat.killEntity.Sheep":12,"stat.pickup.minecraft.slime_ball":6,"stat.craftItem.minecraft.diamond_pickaxe":1,"stat.craftItem.securitycraft.retinal_scanner":1,"stat.craftItem.securitycraft.universal_block_remover":1,"stat.pickup.minecraft.gravel":19,"stat.killEntity.Slime":6,"stat.useItem.minecraft.diamond_axe":50,"stat.mineBlock.minecraft.deadbush":1,"stat.useItem.xlfoodmod.ground_beef":3,"stat.pickup.minecraft.diamond_sword":1,"stat.craftItem.travelersbackpack.backpack_tank":2,"stat.useItem.minecraft.stone_axe":631,"stat.pickup.minecraft.spider_eye":6,"stat.craftItem.minecraft.iron_helmet":1,"stat.useItem.minecraft.cooked_chicken":5,"stat.pickup.minecraft.iron_ore":431,"stat.boatOneCm":4688,"stat.pickup.xlfoodmod.tomato_seeds":26,"stat.pickup.minecraft.leather":17,"stat.mineBlock.minecraft.furnace":6,"stat.craftItem.cookingforblockheads.recipe_book":1,"stat.pickup.minecraft.reeds":107,"tombstone:undead_killed":28,"stat.craftItem.minecraft.glass":66,"stat.damageDealt":18494,"stat.sleepInBed":1,"stat.craftItem.minecraft.anvil":1,"stat.killEntity.Cow":3,"stat.killEntity.Pig":10,"stat.craftItem.minecraft.stone_shovel":7,"stat.walkOneCm":1332175,"stat.playerKills":5,"stat.pickup.minecraft.stick":12,"stat.pickup.minecraft.clay_ball":48,"stat.useItem.futuremc.stripped_spruce_log":156,"stat.drop.futuremc.stripped_oak_log":1,"stat.pickup.minecraft.stone":141,"stat.useItem.minecraft.spruce_stairs":7,"stat.craftItem.securitycraft.cobblestone_mine":1,"stat.pickup.betteranimalsplus.pheasantraw":8,"stat.useItem.minecraft.leaves":39,"stat.pickup.minecraft.gold_ingot":1,"stat.killEntity.Skeleton":11,"stat.mineBlock.minecraft.cactus":2,"stat.killEntity.Chicken":5,"stat.killEntity.Spider":8,"stat.mineBlock.minecraft.quartz_ore":47,"stat.pickup.minecraft.quartz":46,"stat.mineBlock.minecraft.leaves":124,"stat.pickup.minecraft.spruce_stairs":1,"stat.mineBlock.minecraft.redstone_ore":16,"stat.craftItem.minecraft.brick":48,"stat.mineBlock.minecraft.stone":631,"stat.useItem.minecraft.sandstone":1}