{"stat.craftItem.simpleores.tin_ingot":2,"stat.pickup.simpleores.mythril_shovel":1,"stat.drop.cfm.item_kebab":2,"stat.leaveGame":15,"stat.pickup.betteranimalsplus.goose_egg":1,"stat.craftItem.minecraft.iron_axe":1,"stat.pickup.simpleores.adamantium_ore":25,"stat.useItem.minecraft.golden_shovel":68,"stat.pickup.minecraft.porkchop":20,"stat.pickup.minecraft.glass":6,"stat.useItem.minecraft.water_bucket":7,"stat.pickup.minecraft.rotten_flesh":31,"stat.pickup.minecraft.sand":44,"stat.craftItem.minecraft.stone_axe":2,"stat.killEntity.betteranimalsplus.fox":1,"stat.craftItem.simpleores.mythril_sword":2,"stat.mineBlock.minecraft.sand":22,"stat.pickup.xlfoodmod.strawberry_seeds":7,"stat.useItem.minecraft.iron_pickaxe":1311,"stat.craftItem.minecraft.wooden_pickaxe":1,"stat.craftItem.simpleores.adamantium_chestplate":1,"stat.craftItem.simpleores.mythril_ingot":24,"stat.pickup.minecraft.double_plant":1,"stat.craftItem.minecraft.bed":1,"stat.furnaceInteraction":225,"stat.mineBlock.futuremc.cornflower":13,"stat.pickup.xlfoodmod.pepper":2,"stat.pickup.minecraft.beef":35,"stat.pickup.minecraft.furnace":3,"stat.useItem.minecraft.cooked_mutton":10,"stat.craftItem.travelersbackpack.travelers_backpack":1,"stat.craftItem.futuremc.dye":6,"stat.pickup.xlfoodmod.vanilla_flower":15,"stat.useItem.xlfoodmod.strawberry_seeds":2,"stat.pickup.tombstone.magic_scroll":1,"stat.mineBlock.simpleores.tin_ore":58,"stat.useItem.xlfoodmod.onion":2,"stat.useItem.minecraft.wheat_seeds":34,"stat.pickup.xlfoodmod.salt":13,"stat.pickup.minecraft.emerald":3,"stat.deaths":12,"stat.pickup.xlfoodmod.pepper_seeds":3,"stat.pickup.minecraft.egg":4,"stat.playOneMinute":545034,"stat.pickup.xlfoodmod.raw_corn":1,"stat.craftItem.minecraft.iron_pickaxe":7,"stat.craftItem.simpleores.adamantium_leggings":1,"stat.mineBlock.minecraft.tallgrass":435,"stat.craftItem.minecraft.cooked_mutton":12,"stat.pickup.minecraft.cooked_mutton":1,"stat.chestOpened":156,"stat.pickup.minecraft.pumpkin":1,"stat.killEntity.betteranimalsplus.goose":1,"stat.useItem.minecraft.stone":4,"stat.pickup.minecraft.arrow":4,"stat.craftItem.minecraft.coal":1,"stat.drop.minecraft.iron_pickaxe":2,"stat.fallOneCm":78559,"stat.pickup.simpleores.tin_ore":56,"stat.pickup.minecraft.carrot":79,"stat.crouchOneCm":592,"stat.craftItem.minecraft.iron_ingot":76,"stat.craftItem.minecraft.chest":5,"stat.drop.simpleores.mythril_shovel":1,"stat.craftingTableInteraction":123,"stat.craftItem.simpleores.mythril_shovel":2,"stat.mineBlock.minecraft.log2":80,"stat.pickup.minecraft.feather":3,"stat.useItem.futuremc.sweet_berries":68,"stat.pickup.minecraft.dye":67,"stat.pickup.minecraft.planks":1,"stat.pickup.minecraft.wheat_seeds":123,"stat.mineBlock.simpleores.mythril_ore":25,"stat.pickup.xlfoodmod.strawberry":6,"stat.mineBlock.minecraft.gravel":2,"stat.useItem.minecraft.stone_pickaxe":395,"stat.craftItem.minecraft.iron_leggings":1,"stat.mineBlock.xlfoodmod.grass":5,"stat.mineBlock.minecraft.dirt":1914,"stat.mineBlock.simpleores.copper_ore":66,"stat.drop.minecraft.iron_axe":1,"stat.pickup.xlfoodmod.cucumber":4,"stat.useItem.minecraft.torch":96,"stat.useItem.minecraft.bread":5,"stat.pickup.minecraft.crafting_table":8,"stat.craftItem.minecraft.crafting_table":4,"stat.mineBlock.minecraft.double_plant":24,"stat.mineBlock.minecraft.emerald_ore":3,"stat.pickup.minecraft.log":50,"stat.drop.minecraft.stonebrick":1,"stat.craftItem.cfm.item_kebab":2,"stat.pickup.minecraft.iron_pickaxe":3,"stat.killEntity.betteranimalsplus.coyote":5,"stat.craftItem.simpleores.mythril_rod":2,"stat.drop.minecraft.carrot":9,"stat.craftItem.minecraft.gold_ingot":4,"stat.drop.minecraft.sapling":1,"stat.pickup.minecraft.chicken":3,"stat.pickup.minecraft.sapling":10,"stat.entityKilledBy.Enderman":1,"stat.pickup.minecraft.apple":4,"stat.craftItem.minecraft.planks":140,"stat.pickup.futuremc.cornflower":36,"stat.entityKilledBy.betteranimalsplus.coyote":1,"stat.mineBlock.simpleores.adamantium_ore":26,"stat.useItem.minecraft.stonebrick":118,"stat.mineBlock.minecraft.log":49,"stat.useItem.minecraft.stone_hoe":26,"stat.pickup.minecraft.red_flower":4,"stat.sneakTime":646,"stat.pickup.minecraft.wool":11,"stat.mineBlock.futuremc.stripped_dark_oak_log":1,"stat.useItem.minecraft.wooden_axe":40,"stat.drop.minecraft.yellow_flower":1,"stat.pickup.minecraft.yellow_flower":3,"stat.pickup.minecraft.bone":22,"stat.useItem.minecraft.iron_axe":140,"stat.mineBlock.minecraft.pumpkin":1,"stat.mineBlock.minecraft.cobblestone":8,"stat.pickup.minecraft.stone_pickaxe":1,"stat.mineBlock.minecraft.yellow_flower":1,"stat.pickup.futuremc.stripped_dark_oak_log":1,"stat.craftItem.minecraft.wool":2,"stat.swimOneCm":80801,"stat.climbOneCm":696,"stat.pickup.minecraft.cooked_porkchop":4,"stat.craftItem.simpleores.copper_ingot":64,"stat.useItem.minecraft.dirt":410,"stat.killEntity.betteranimalsplus.boar":1,"stat.useItem.minecraft.stone_slab2":61,"stat.craftItem.simpleores.adamantium_ingot":25,"stat.craftItem.minecraft.furnace":2,"stat.useItem.minecraft.egg":1,"stat.craftItem.minecraft.iron_boots":2,"stat.craftItem.minecraft.stone_pickaxe":3,"stat.craftItem.minecraft.cooked_beef":35,"stat.pickup.simpleores.copper_ore":64,"stat.pickup.minecraft.cobblestone":1081,"stat.drop.minecraft.record_cat":1,"stat.pickup.futuremc.sweet_berries":293,"stat.useItem.minecraft.stone_shovel":153,"stat.flyOneCm":415823,"stat.useItem.minecraft.cooked_beef":8,"stat.pickup.minecraft.redstone":36,"stat.mineBlock.minecraft.iron_ore":140,"stat.timeSinceDeath":469,"stat.mineBlock.xlfoodmod.vanilla_flower":8,"stat.pickup.minecraft.mutton":15,"stat.craftItem.minecraft.stonebrick":968,"stat.pickup.travelersbackpack.travelers_backpack":2,"stat.pickup.minecraft.stonebrick":54,"stat.pickup.xlfoodmod.cucumber_seeds":4,"stat.useItem.minecraft.cooked_porkchop":20,"stat.useItem.xlfoodmod.cucumber_seeds":1,"stat.mineBlock.minecraft.coal_ore":257,"stat.killEntity.Creeper":1,"stat.craftItem.minecraft.stone_hoe":1,"stat.pickup.minecraft.string":1,"stat.pickup.xlfoodmod.corn_seeds":2,"stat.pickup.tombstone.crafting_ingredient":2,"stat.entityKilledBy.Skeleton":1,"stat.craftItem.minecraft.stone_slab2":0,"stat.pickup.simpleores.mythril_ingot":20,"stat.useItem.minecraft.written_book":1,"stat.sprintOneCm":851684,"stat.craftItem.minecraft.stick":56,"stat.craftItem.minecraft.wooden_axe":1,"stat.craftItem.minecraft.stone":1000,"stat.mineBlock.minecraft.crafting_table":8,"stat.craftItem.simpleores.adamantium_helmet":1,"stat.useItem.minecraft.carrot":68,"stat.mineBlock.minecraft.planks":1,"stat.drop":23,"stat.killEntity.Sheep":9,"stat.drop.tombstone.grave_key":1,"stat.pickup.tombstone.grave_key":1,"stat.killEntity.Zombie":26,"stat.craftItem.minecraft.dye":8,"stat.mineBlock.xlfoodmod.rock_salt":4,"stat.mineBlock.minecraft.gold_ore":12,"stat.diveOneCm":118399,"stat.pickup.minecraft.wheat":21,"stat.pickup.minecraft.gravel":6,"stat.craftItem.minecraft.cooked_porkchop":20,"stat.pickup.minecraft.stone_axe":2,"stat.pickup.xlfoodmod.onion":12,"stat.craftItem.travelersbackpack.backpack_tank":2,"stat.jump":5001,"stat.pickup.minecraft.coal":259,"stat.pickup.minecraft.iron_ingot":4,"stat.useItem.minecraft.stone_axe":208,"stat.craftItem.minecraft.bread":7,"stat.pickup.minecraft.spider_eye":1,"stat.craftItem.minecraft.torch":40,"stat.pickup.minecraft.dirt":1731,"stat.craftItem.minecraft.iron_helmet":1,"stat.drop.futuremc.sweet_berries":1,"stat.pickup.betteranimalsplus.coyotehead_1":2,"stat.pickup.cfm.modern_window":12,"stat.pickup.minecraft.iron_ore":139,"stat.pickup.minecraft.gold_ore":28,"stat.mineBlock.minecraft.lapis_ore":12,"stat.useItem.simpleores.mythril_sword":130,"stat.pickup.minecraft.iron_axe":1,"stat.pickup.xlfoodmod.tomato_seeds":2,"stat.damageTaken":6378,"stat.pickup.minecraft.leather":22,"stat.pickup.cfm.item_kebab":1,"stat.mineBlock.minecraft.furnace":3,"stat.mineBlock.minecraft.torch":46,"stat.mineBlock.minecraft.red_flower":3,"stat.useItem.minecraft.wooden_pickaxe":59,"stat.pickup.minecraft.log2":81,"stat.pickup.minecraft.bed":1,"tombstone:undead_killed":31,"stat.pickup.xlfoodmod.rice_seeds":3,"stat.pickup.minecraft.potato":3,"stat.entityKilledBy.Zombie":8,"stat.damageDealt":12381,"stat.craftItem.minecraft.glass":22,"stat.sleepInBed":21,"stat.killEntity.Cow":17,"stat.killEntity.Pig":8,"stat.pickup.simpleores.adamantium_ingot":10,"stat.craftItem.minecraft.stone_shovel":1,"stat.walkOneCm":2447268,"stat.playerKills":1,"stat.pickup.simpleores.mythril_ore":24,"stat.useItem.tombstone.gift":2,"stat.pickup.minecraft.stone":129,"stat.craftItem.minecraft.iron_chestplate":1,"stat.killEntity.Skeleton":5,"stat.useItem.simpleores.mythril_shovel":1643,"stat.craftItem.travelersbackpack.sleeping_bag_bottom":1,"stat.mineBlock.minecraft.stonebrick":15,"stat.killEntity.Chicken":3,"stat.killEntity.Spider":4,"stat.mobKills":81,"stat.craftItem.minecraft.golden_shovel":2,"stat.pickup.minecraft.golden_shovel":1,"stat.pickup.minecraft.diamond":2,"stat.mineBlock.minecraft.leaves":12,"stat.pickup.minecraft.torch":90,"stat.mineBlock.minecraft.redstone_ore":4,"stat.craftItem.minecraft.coal_block":19,"stat.drop.minecraft.stone_axe":2,"stat.mineBlock.minecraft.stone":1077}