{"stat.useItem.minecraft.bow":19,"stat.leaveGame":7,"stat.killEntity.betteranimalsplus.goat":9,"stat.pickup.betteranimalsplus.goose_egg":3,"stat.pickup.tombstone.familiar_stone":3,"stat.killEntity.PigZombie":1,"stat.craftItem.minecraft.shield":2,"stat.pickup.simpleores.adamantium_ore":26,"stat.drop.minecraft.feather":4,"stat.pickup.minecraft.rotten_flesh":35,"stat.craftItem.minecraft.stone_axe":1,"stat.drop.minecraft.leather_boots":2,"stat.killEntity.betteranimalsplus.blackbear":4,"stat.pickup.minecraft.bucket":1,"stat.killEntity.Enderman":1,"stat.pickup.minecraft.leather_boots":15,"stat.killEntity.Witch":3,"stat.pickup.xlfoodmod.strawberry_seeds":20,"stat.pickup.xlfoodmod.lettuce":9,"stat.useItem.minecraft.iron_pickaxe":239,"stat.craftItem.minecraft.wooden_pickaxe":1,"stat.pickup.minecraft.double_plant":23,"stat.craftItem.minecraft.bed":2,"stat.useItem.simpleores.copper_pickaxe":185,"stat.furnaceInteraction":105,"stat.craftItem.cfm.chair_granite":8,"stat.killEntity.ZombieVillager":1,"stat.pickup.minecraft.nether_brick":5,"stat.drop.minecraft.red_flower":1,"stat.useItem.minecraft.double_plant":19,"stat.pickup.minecraft.beef":6,"stat.craftItem.futuremc.dye":4,"stat.useItem.minecraft.fence":37,"stat.useItem.xlfoodmod.lettuce_seeds":5,"stat.pickup.cfm.item_sausage":1,"stat.pickup.minecraft.potion":12,"stat.mineBlock.simpleores.tin_ore":11,"stat.useItem.xlfoodmod.onion":14,"stat.mineBlock.minecraft.fence":3,"stat.useItem.minecraft.wheat_seeds":8,"stat.pickup.xlfoodmod.salt":35,"stat.useItem.cfm.chair_granite":5,"stat.deaths":6,"stat.pickup.securitycraft.reinforced_dirt":1,"stat.pickup.minecraft.bowl":14,"stat.pickup.minecraft.egg":4,"stat.craftItem.minecraft.item_frame":1,"stat.pickup.xlfoodmod.raw_corn":6,"stat.craftItem.minecraft.iron_pickaxe":1,"stat.craftItem.simpleores.copper_pickaxe":1,"stat.craftItem.simpleores.adamantium_leggings":1,"stat.mineBlock.minecraft.tallgrass":183,"stat.craftItem.minecraft.cooked_mutton":38,"stat.fishCaught":92,"stat.pickup.minecraft.cooked_mutton":1,"stat.chestOpened":129,"stat.killEntity.betteranimalsplus.goose":35,"stat.craftItem.minecraft.sign":3,"stat.useItem.minecraft.stone":4,"stat.pickup.minecraft.arrow":32,"stat.drop.xlfoodmod.marshmallow":1,"stat.drop.simpleores.mythril_sword":1,"stat.craftItem.minecraft.quartz_block":64,"stat.pickup.minecraft.gold_nugget":1,"stat.useItem.tombstone.fishing_rod_of_misadventure":231,"stat.pickup.minecraft.carrot":82,"stat.crouchOneCm":12624,"stat.mineBlock.minecraft.chest":2,"stat.craftItem.minecraft.iron_ingot":14,"stat.craftItem.xlfoodmod.cooked_dough":8,"stat.craftingTableInteraction":80,"stat.useItem.futuremc.sweet_berries":3,"stat.pickup.xlfoodmod.rice":4,"stat.useItem.minecraft.reeds":6,"stat.pickup.xlfoodmod.tomato":12,"stat.pickup.minecraft.planks":20,"stat.pickup.minecraft.wheat_seeds":45,"stat.mineBlock.simpleores.mythril_ore":12,"stat.pickup.tombstone.scroll_of_knowledge":5,"stat.mineBlock.xlfoodmod.grass":24,"stat.mineBlock.minecraft.dirt":81,"stat.pickup.tombstone.voodoo_poppet":1,"stat.pickup.xlfoodmod.cucumber":6,"stat.pickup.betteranimalsplus.boarhead_4":1,"stat.drop.betteranimalsplus.pheasantcooked":7,"stat.drop.minecraft.porkchop":2,"stat.drop.minecraft.rotten_flesh":8,"stat.craftItem.xlfoodmod.corn":1,"stat.useItem.minecraft.cobblestone":74,"stat.useItem.minecraft.gravel":3,"stat.mineBlock.minecraft.double_plant":10,"stat.killEntity.betteranimalsplus.horseshoecrab":3,"stat.pickup.betteranimalsplus.wolfhead_1":1,"stat.craftItem.minecraft.gold_ingot":8,"stat.pickup.minecraft.chicken":9,"stat.pickup.minecraft.apple":1,"stat.drop.minecraft.fish":2,"stat.useItem.betteranimalsplus.pheasantcooked":8,"stat.craftItem.securitycraft.reinforced_glass_block":6,"stat.craftItem.minecraft.bucket":1,"stat.craftItem.minecraft.planks":168,"stat.useItem.minecraft.iron_sword":235,"stat.pickup.futuremc.cornflower":2,"stat.drop.futuremc.cornflower":1,"stat.pickup.minecraft.stone_sword":2,"stat.useItem.betteranimalsplus.goose_egg":4,"stat.mineBlock.minecraft.log":37,"stat.craftItem.minecraft.wooden_door":3,"stat.useItem.minecraft.wooden_door":3,"stat.pickup.minecraft.red_flower":4,"stat.pickup.minecraft.wool":25,"stat.killEntity.betteranimalsplus.badger":4,"stat.pickup.minecraft.tripwire_hook":10,"stat.useItem.simpleores.onyx_pickaxe":146,"stat.mineBlock.minecraft.cobblestone":15,"stat.craftItem.minecraft.wool":2,"stat.craftItem.xlfoodmod.vanilla_extract":1,"stat.pickup.minecraft.enchanted_book":1,"stat.pickup.minecraft.cooked_porkchop":7,"stat.useItem.minecraft.obsidian":8,"stat.craftItem.simpleores.copper_ingot":7,"stat.useItem.minecraft.stone_slab2":109,"stat.craftItem.simpleores.adamantium_ingot":18,"stat.pickup.minecraft.bow":1,"stat.craftItem.minecraft.furnace":2,"stat.useItem.minecraft.egg":4,"stat.useItem.xlfoodmod.corn_seeds":14,"stat.craftItem.minecraft.cooked_beef":3,"stat.pickup.simpleores.copper_ore":12,"stat.mineBlock.minecraft.obsidian":3,"stat.pickup.futuremc.sweet_berries":5,"stat.flyOneCm":3133317,"stat.pickup.minecraft.fish":94,"stat.killEntity.betteranimalsplus.deer":12,"stat.timeSinceDeath":95710,"stat.useItem.simpleores.onyx_sword":222,"stat.pickup.travelersbackpack.travelers_backpack":1,"stat.pickup.xlfoodmod.cucumber_seeds":15,"stat.useItem.xlfoodmod.cucumber_seeds":3,"stat.mineBlock.minecraft.coal_ore":45,"stat.killEntity.Creeper":4,"stat.pickup.minecraft.string":16,"stat.pickup.tombstone.crafting_ingredient":19,"stat.entityKilledBy.Skeleton":1,"stat.useItem.xlfoodmod.salt":4,"stat.useItem.minecraft.written_book":1,"stat.sprintOneCm":2344429,"stat.killEntity.betteranimalsplus.pheasant":16,"stat.drop.cfm.item_sausage":2,"stat.mineBlock.minecraft.diamond_ore":10,"stat.useItem.minecraft.snowball":42,"stat.useItem.betteranimalsplus.pheasant_egg":5,"stat.pickup.simpleores.onyx_gem":15,"stat.craftItem.simpleores.adamantium_helmet":1,"stat.craftItem.tombstone.bone_needle":1,"stat.useItem.betteranimalsplus.venisonraw":43,"stat.useItem.xlfoodmod.pepper_seeds":40,"stat.pickup.minecraft.sugar":1,"stat.pickup.cfm.chair_granite":12,"stat.killEntity.Zombie":23,"stat.craftItem.minecraft.dye":9,"stat.pickup.minecraft.snowball":58,"stat.mineBlock.xlfoodmod.rock_salt":12,"stat.mineBlock.minecraft.gold_ore":8,"stat.diveOneCm":76444,"stat.pickup.minecraft.wheat":23,"stat.mineBlock.simpleores.onyx_ore":13,"stat.craftItem.minecraft.cooked_porkchop":16,"stat.pickup.minecraft.stone_axe":1,"stat.pickup.minecraft.obsidian":3,"stat.useItem.minecraft.rotten_flesh":2,"stat.pickup.xlfoodmod.onion":24,"stat.jump":16086,"stat.pickup.minecraft.coal":56,"stat.pickup.minecraft.iron_ingot":8,"stat.pickup.minecraft.gunpowder":6,"stat.craftItem.minecraft.torch":48,"stat.pickup.minecraft.dirt":218,"stat.drop.futuremc.sweet_berries":1,"stat.pickup.betteranimalsplus.coyotehead_1":2,"stat.craftItem.cfm.item_sausage":16,"stat.pickup.tombstone.fishing_rod_of_misadventure":4,"stat.useItem.xlfoodmod.pepper":22,"stat.pickup.minecraft.gold_ore":8,"stat.damageTaken":8906,"stat.mineBlock.minecraft.red_flower":4,"stat.mineBlock.minecraft.torch":3,"stat.craftItem.betteranimalsplus.pheasantcooked":17,"stat.pickup.minecraft.bed":2,"stat.pickup.xlfoodmod.rice_seeds":11,"stat.mineBlock.minecraft.fence_gate":2,"stat.pickup.minecraft.potato":37,"stat.entityKilledBy.Zombie":1,"stat.animalsBred":1,"stat.pickup.simpleores.mythril_ore":12,"stat.killEntity.betteranimalsplus.feralwolf":9,"stat.pickup.betteranimalsplus.pheasant_egg":5,"stat.useItem.tombstone.gift":3,"stat.pickup.minecraft.ender_pearl":3,"stat.useItem.minecraft.netherrack":78,"stat.craftItem.travelersbackpack.sleeping_bag_bottom":1,"stat.mineBlock.minecraft.stonebrick":1,"stat.mineBlock.minecraft.glowstone":13,"stat.mobKills":283,"stat.pickup.minecraft.diamond":15,"stat.pickup.minecraft.torch":4,"stat.mineBlock.cfm.chair_granite":12,"stat.craftItem.xlfoodmod.ground_beef":2,"stat.craftItem.betteranimalsplus.venisoncooked":6,"stat.craftItem.simpleores.tin_ingot":11,"stat.pickup.betteranimalsplus.antler":36,"stat.useItem.betteranimalsplus.venisoncooked":6,"stat.killEntity.Blaze":6,"stat.useItem.minecraft.mutton":14,"stat.pickup.minecraft.fishing_rod":5,"stat.useItem.tombstone.familiar_stone":1,"stat.pickup.minecraft.glowstone_dust":29,"stat.drop.minecraft.bowl":5,"stat.pickup.minecraft.porkchop":55,"stat.pickup.minecraft.glass":20,"stat.pickup.betteranimalsplus.wolf_pelt_snowy":2,"stat.craftItem.xlfoodmod.flesh":2,"stat.craftItem.xlfoodmod.tortilla":1,"stat.useItem.minecraft.water_bucket":3,"stat.craftItem.xlfoodmod.marshmallow":1,"stat.mineBlock.minecraft.nether_brick_fence":2,"stat.killEntity.betteranimalsplus.fox":6,"stat.entityKilledBy.betteranimalsplus.goose":2,"stat.craftItem.simpleores.mythril_sword":1,"stat.craftItem.minecraft.wooden_hoe":1,"stat.useItem.betteranimalsplus.pheasantraw":3,"stat.useItem.minecraft.fence_gate":3,"stat.craftItem.simpleores.mythril_ingot":11,"stat.pickup.xlfoodmod.lettuce_seeds":22,"stat.mineBlock.futuremc.cornflower":1,"stat.pickup.xlfoodmod.pepper":50,"stat.pickup.minecraft.fence_gate":2,"stat.craftItem.xlfoodmod.dough":8,"stat.pickup.minecraft.furnace":3,"stat.useItem.minecraft.cooked_mutton":38,"stat.craftItem.travelersbackpack.travelers_backpack":1,"stat.pickup.xlfoodmod.vanilla_flower":11,"stat.useItem.xlfoodmod.strawberry_seeds":6,"stat.drop.minecraft.fishing_rod":2,"stat.pickup.tombstone.magic_scroll":7,"stat.craftItem.minecraft.fence_gate":5,"stat.pickup.minecraft.saddle":3,"stat.useItem.xlfoodmod.tomato_seeds":14,"stat.useItem.tombstone.scroll_of_knowledge":2,"stat.pickup.xlfoodmod.pepper_seeds":70,"stat.killEntity.betteranimalsplus.songbird":4,"stat.playOneMinute":724743,"stat.pickup.minecraft.blaze_rod":1,"stat.pickup.minecraft.netherrack":227,"stat.useItem.minecraft.fish":81,"stat.mineBlock.minecraft.netherrack":273,"stat.craftItem.xlfoodmod.kebab":1,"stat.pickup.betteranimalsplus.venisonraw":52,"stat.craftItem.simpleores.adamantium_boots":1,"stat.drop.xlfoodmod.salt":1,"stat.pickup.tombstone.tablet_of_cupidity":1,"stat.fallOneCm":394809,"stat.pickup.simpleores.tin_ore":11,"stat.craftItem.tombstone.dark_marble":4,"stat.craftItem.minecraft.chest":3,"stat.craftItem.simpleores.onyx_chestplate":1,"stat.pickup.simpleores.mythril_sword":1,"stat.pickup.minecraft.feather":28,"stat.drop.minecraft.bone":1,"stat.killEntity.Llama":1,"stat.pickup.xlfoodmod.strawberry":16,"stat.mineBlock.minecraft.gravel":4,"stat.useItem.minecraft.stone_pickaxe":74,"stat.craftItem.tombstone.decorative_grave_cross":1,"stat.mineBlock.simpleores.copper_ore":11,"stat.useItem.minecraft.torch":29,"stat.pickup.minecraft.golden_apple":1,"stat.drop.tombstone.crafting_ingredient":3,"stat.pickup.minecraft.crafting_table":4,"stat.craftItem.minecraft.crafting_table":2,"stat.killEntity.LavaSlime":1,"stat.pickup.minecraft.log":42,"stat.killEntity.betteranimalsplus.coyote":30,"stat.pickup.minecraft.sapling":2,"stat.pickup.minecraft.wooden_door":4,"stat.craftItem.securitycraft.reinforced_glass_pane":16,"stat.killEntity.WitherSkeleton":11,"stat.mineBlock.simpleores.adamantium_ore":28,"stat.craftItem.minecraft.cooked_chicken":3,"stat.craftItem.minecraft.sugar":1,"stat.useItem.cfm.item_sausage":15,"stat.sneakTime":6425,"stat.pickup.minecraft.chest":2,"stat.pickup.securitycraft.reinforced_sand":6,"stat.craftItem.minecraft.diamond_chestplate":1,"stat.pickup.minecraft.bone":62,"stat.horseOneCm":634300,"stat.pickup.betteranimalsplus.bear_skin_black":8,"stat.drop.minecraft.tripwire_hook":1,"stat.swimOneCm":81483,"stat.climbOneCm":9617,"stat.enderchestOpened":1,"stat.useItem.minecraft.dirt":63,"stat.killEntity.betteranimalsplus.boar":12,"stat.craftItem.simpleores.onyx_sword":1,"stat.killEntity.betteranimalsplus.lammergeier":3,"stat.useItem.xlfoodmod.rice_seeds":9,"stat.craftItem.minecraft.stone_pickaxe":1,"stat.pickup.minecraft.cobblestone":270,"stat.pickup.minecraft.glass_bottle":1,"stat.drop.minecraft.wheat_seeds":11,"stat.useItem.minecraft.cooked_beef":2,"stat.pickup.minecraft.redstone":5,"stat.pickup.betteranimalsplus.wolf_pelt_black":4,"stat.mineBlock.minecraft.iron_ore":13,"stat.useItem.minecraft.sign":2,"stat.pickup.minecraft.mutton":52,"stat.mineBlock.xlfoodmod.vanilla_flower":12,"stat.pickup.xlfoodmod.marshmallow":1,"stat.pickup.minecraft.stonebrick":1,"stat.drop.minecraft.dirt":4,"stat.useItem.minecraft.cooked_porkchop":23,"stat.craftItem.securitycraft.display_case":1,"stat.mineBlock.minecraft.nether_brick":11,"stat.pickup.xlfoodmod.corn_seeds":16,"stat.pickup.tombstone.lost_tablet":5,"stat.drop.xlfoodmod.roasted_marshmallow":1,"stat.craftItem.minecraft.stick":90,"stat.craftItem.minecraft.stone":4,"stat.mineBlock.minecraft.crafting_table":3,"stat.useItem.minecraft.diamond_pickaxe":649,"stat.killEntity.betteranimalsplus.squirrel":2,"stat.useItem.minecraft.carrot":50,"stat.drop.tombstone.fishing_rod_of_misadventure":1,"stat.drop":63,"stat.killEntity.Sheep":23,"stat.craftItem.minecraft.diamond_pickaxe":1,"stat.pickup.minecraft.gravel":4,"stat.useItem.minecraft.glass_bottle":2,"stat.useItem.minecraft.apple":9,"stat.useItem.minecraft.porkchop":28,"stat.useItem.minecraft.potion":14,"stat.craftItem.travelersbackpack.backpack_tank":2,"stat.useItem.minecraft.wooden_hoe":59,"stat.pickup.minecraft.fence":15,"stat.useItem.minecraft.stone_axe":51,"stat.pickup.minecraft.spider_eye":4,"stat.craftItem.simpleores.onyx_pickaxe":1,"stat.drop.minecraft.bed":1,"stat.useItem.minecraft.cooked_chicken":3,"stat.pickup.minecraft.iron_ore":14,"stat.useItem.simpleores.mythril_sword":156,"stat.pickup.xlfoodmod.tomato_seeds":20,"stat.pickup.minecraft.leather":34,"stat.mineBlock.minecraft.furnace":3,"stat.useItem.minecraft.wooden_pickaxe":34,"stat.pickup.minecraft.reeds":13,"tombstone:undead_killed":59,"stat.useItem.xlfoodmod.lettuce":1,"stat.damageDealt":36407,"stat.craftItem.minecraft.glass":6,"stat.sleepInBed":4,"stat.killEntity.Cow":3,"stat.killEntity.Pig":12,"stat.craftItem.minecraft.iron_sword":1,"stat.walkOneCm":2474812,"stat.pickup.minecraft.stick":10,"stat.craftItem.xlfoodmod.roasted_marshmallow":1,"stat.pickup.minecraft.stone":59,"stat.pickup.betteranimalsplus.pheasantraw":34,"stat.pickup.minecraft.gold_ingot":3,"stat.killEntity.Skeleton":23,"stat.killEntity.Chicken":9,"stat.killEntity.Spider":10,"stat.mineBlock.minecraft.quartz_ore":492,"stat.pickup.minecraft.quartz":481,"stat.craftItem.minecraft.fence":42,"stat.pickup.tombstone.tablet_of_home":1,"stat.pickup.minecraft.water_bucket":1,"stat.mineBlock.minecraft.leaves":53,"stat.mineBlock.minecraft.redstone_ore":1,"stat.killEntity.betteranimalsplus.moose":2,"stat.mineBlock.minecraft.stone":313}