{
  "betteranimalsplus:root": {
    "criteria": {
      "tick": "2024-06-13 13:26:20 +0000"
    },
    "done": true
  },
  "tombstone:tutorial/root": {
    "criteria": {
      "auto": "2024-06-13 13:26:20 +0000"
    },
    "done": true
  },
  "cfm:root": {
    "criteria": {
      "tick": "2024-06-13 13:26:20 +0000"
    },
    "done": true
  },
  "cfm:install": {
    "criteria": {
      "tick": "2024-06-13 13:26:20 +0000"
    },
    "done": true
  },
  "minecraft:adventure/adventuring_time": {
    "criteria": {
      "plains": "2024-06-13 13:26:20 +0000",
      "extreme_hills": "2024-06-13 13:27:12 +0000"
    },
    "done": false
  }
}